dataset	sample	group	original_score	matched_score	score_difference	original_projected_day	matched_projected_day	projected_day_difference	original_category	matched_category	category_changed	available_early_n	available_late_n
GSE111974	GSM3045867	Control	-1.3982981573983	-1.3982981573983	0	5.31367940505994	5.31699461925977	0.00331521419983272	Delayed	Delayed	FALSE	30	37
GSE111974	GSM3045868	Control	1.74968739715087	1.74968739715087	0	9.50538936873137	9.46657135936556	-0.0388180093658086	Advanced	Advanced	FALSE	30	37
GSE111974	GSM3045869	Control	1.59437288067904	1.59437288067904	0	9.29857984088682	9.26184058986729	-0.0367392510195259	Advanced	Advanced	FALSE	30	37
GSE111974	GSM3045870	Control	-0.884803873203216	-0.884803873203216	0	5.99742431749717	5.99386682878881	-0.00355748870835093	Delayed	Delayed	FALSE	30	37
GSE111974	GSM3045871	Control	-0.882794742899177	-0.882794742899177	0	6.00009958120719	5.99651520192554	-0.00358437928164257	Delayed	Delayed	FALSE	30	37
GSE111974	GSM3045872	Control	-0.389611351244631	-0.389611351244631	0	6.65679946146178	6.64661422403153	-0.0101852374302487	In-phase	In-phase	FALSE	30	37
GSE111974	GSM3045873	Control	1.45125392399434	1.45125392399434	0	9.10800934863708	9.07318562832568	-0.0348237203113992	Advanced	Advanced	FALSE	30	37
GSE111974	GSM3045874	Control	-0.65871096987128	-0.65871096987128	0	6.29847902667216	6.29189546853699	-0.00658355813517009	Delayed	Delayed	FALSE	30	37
GSE111974	GSM3045875	Control	-0.204592570535756	-0.204592570535756	0	6.90316179480952	6.89050023164132	-0.0126615631682059	In-phase	In-phase	FALSE	30	37
GSE111974	GSM3045876	Control	-1.08213010865545	-1.08213010865545	0	5.73467395447736	5.73375751676801	-0.00091643770935157	Delayed	Delayed	FALSE	30	37
GSE111974	GSM3045877	Control	-0.226645842417206	-0.226645842417206	0	6.87379669199212	6.86143029391233	-0.0123663980797915	In-phase	In-phase	FALSE	30	37
GSE111974	GSM3045878	Control	1.68563916923778	1.68563916923778	0	9.42010575149532	9.38214497551222	-0.0379607759830982	Advanced	Advanced	FALSE	30	37
GSE111974	GSM3045879	Control	-1.05204621366728	-1.05204621366728	0	5.77473225848886	5.77341317233932	-0.00131908614953691	Delayed	Delayed	FALSE	30	37
GSE111974	GSM3045880	Control	2.05225771316866	2.05225771316866	0	9.90827781481403	9.86541014812032	-0.0428676666937076	Advanced	Advanced	FALSE	30	37
GSE111974	GSM3045881	Control	1.61521449124643	1.61521449124643	0	9.32633155231002	9.28931335330224	-0.0370181990077807	Advanced	Advanced	FALSE	30	37
GSE111974	GSM3045882	Control	-0.920595607219587	-0.920595607219587	0	5.94976572266127	5.94668727717119	-0.00307844549008252	Delayed	Delayed	FALSE	30	37
GSE111974	GSM3045883	Control	-0.633247223279539	-0.633247223279539	0	6.33238535770559	6.32546098805481	-0.00692436965078169	Delayed	Delayed	FALSE	30	37
GSE111974	GSM3045884	Control	1.56465044502801	1.56465044502801	0	9.25900283918078	9.22266139876251	-0.0363414404182691	Advanced	Advanced	FALSE	30	37
GSE111974	GSM3045885	Control	-1.84413832005731	-1.84413832005731	0	4.72001954873627	4.72930197051134	0.00928242177507332	Delayed	Delayed	FALSE	30	37
GSE111974	GSM3045886	Control	1.15674262594334	1.15674262594334	0	8.71585191301282	8.68496998663547	-0.0308819263773508	Advanced	Advanced	FALSE	30	37
GSE111974	GSM3045887	Control	-0.666511264248266	-0.666511264248266	0	6.28809252041506	6.28161336286914	-0.00647915754591466	Delayed	Delayed	FALSE	30	37
GSE111974	GSM3045888	Control	0.561070142906543	0.561070142906543	0	7.92268236411767	7.89977302893071	-0.0229093351869567	In-phase	In-phase	FALSE	30	37
GSE111974	GSM3045889	Control	1.47737216033858	1.47737216033858	0	9.14278716753763	9.10761387589817	-0.0351732916394631	Advanced	Advanced	FALSE	30	37
GSE111974	GSM3045890	Control	2.07955111471295	2.07955111471295	0	9.94462042859456	9.9013874619434	-0.0432329666511606	Advanced	Advanced	FALSE	30	37
GSE111974	GSM3045891	RIF	1.51829752877407	1.51829752877407	0	9.1972814692634	9.16156042488876	-0.0357210443746396	Advanced	Advanced	FALSE	30	37
GSE111974	GSM3045892	RIF	-0.000501443619148986	-0.000501443619148986	0	7.17491997011531	7.15952681338382	-0.0153931567314975	In-phase	In-phase	FALSE	30	37
GSE111974	GSM3045893	RIF	-1.13392961499892	-1.13392961499892	0	5.66570016057306	5.66547701708108	-0.000223143491973943	Delayed	Delayed	FALSE	30	37
GSE111974	GSM3045894	RIF	1.42359410974716	1.42359410974716	0	9.0711788368815	9.03672532066325	-0.0344535162182513	Advanced	Advanced	FALSE	30	37
GSE111974	GSM3045895	RIF	-0.699888747057267	-0.699888747057267	0	6.24364862928901	6.23761620217463	-0.00603242711437879	Delayed	Delayed	FALSE	30	37
GSE111974	GSM3045896	RIF	-1.11655099640436	-1.11655099640436	0	5.68884071425584	5.68838497210361	-0.00045574215223354	Delayed	Delayed	FALSE	30	37
GSE111974	GSM3045897	RIF	-0.637689521851676	-0.637689521851676	0	6.32647020121463	6.31960528811333	-0.00686491310130233	Delayed	Delayed	FALSE	30	37
GSE111974	GSM3045898	RIF	-0.0616458901325611	-0.0616458901325611	0	7.0935028920404	7.07892810394182	-0.0145747880985718	In-phase	In-phase	FALSE	30	37
GSE111974	GSM3045899	RIF	1.79143836960286	1.79143836960286	0	9.56098300605511	9.52160619391657	-0.0393768121385403	Advanced	Advanced	FALSE	30	37
GSE111974	GSM3045900	RIF	1.75361665809252	1.75361665809252	0	9.51062138836855	9.47175078904424	-0.0388705993243175	Advanced	Advanced	FALSE	30	37
GSE111974	GSM3045901	RIF	-0.367126201007206	-0.367126201007206	0	6.68673963324835	6.67625345038953	-0.0104861828588225	In-phase	In-phase	FALSE	30	37
GSE111974	GSM3045902	RIF	-1.87808043300064	-1.87808043300064	0	4.67482382259737	4.6845605319186	0.00973670932123571	Delayed	Delayed	FALSE	30	37
GSE111974	GSM3045903	RIF	-0.708531832330016	-0.708531832330016	0	6.23213990219136	6.22622315573618	-0.00591674645518214	Delayed	Delayed	FALSE	30	37
GSE111974	GSM3045904	RIF	-1.87787706480477	-1.87787706480477	0	4.67509461815159	4.68482860555511	0.00973398740351605	Delayed	Delayed	FALSE	30	37
GSE111974	GSM3045905	RIF	-0.227083618015646	-0.227083618015646	0	6.87321377053139	6.86085323172154	-0.0123605388098422	In-phase	In-phase	FALSE	30	37
GSE111974	GSM3045906	RIF	-1.24476635915564	-1.24476635915564	0	5.51811514889751	5.51937546498307	0.00126031608556243	Delayed	Delayed	FALSE	30	37
GSE111974	GSM3045907	RIF	-1.25128741913831	-1.25128741913831	0	5.50943201117994	5.51077960634394	0.00134759516399985	Delayed	Delayed	FALSE	30	37
GSE111974	GSM3045908	RIF	-0.512390640027126	-0.512390640027126	0	6.49331231731706	6.48477038070057	-0.00854193661648583	Delayed	Delayed	FALSE	30	37
GSE111974	GSM3045909	RIF	-1.13968941276918	-1.13968941276918	0	5.65803068392395	5.65788463063552	-0.000146053288432313	Delayed	Delayed	FALSE	30	37
GSE111974	GSM3045910	RIF	0.254660754286252	0.254660754286252	0	7.51468198896154	7.4958736939635	-0.0188082949980348	In-phase	In-phase	FALSE	30	37
GSE111974	GSM3045911	RIF	0.845737407335059	0.845737407335059	0	8.30173194613107	8.27501257138512	-0.0267193747459533	In-phase	In-phase	FALSE	30	37
GSE111974	GSM3045912	RIF	-0.664391325566757	-0.664391325566757	0	6.290915331365	6.28440780016589	-0.00650753119911762	Delayed	Delayed	FALSE	30	37
GSE111974	GSM3045913	RIF	1.43531202620011	1.43531202620011	0	9.08678186500795	9.05217151401867	-0.0346103509892757	Advanced	Advanced	FALSE	30	37
GSE111974	GSM3045914	RIF	-1.6449121538684	-1.6449121538684	0	4.98529977044228	4.99191571219236	0.0066159417500824	Delayed	Delayed	FALSE	30	37
GSE135485	E10_S22_L006_R1_001	patient with endometriosis	1.26572349609275	1.26572349609275	0	8.8609657298773	8.83919172192346	-0.0217740079538444	Advanced	Advanced	FALSE	32	39
GSE135485	E11_S8_L008_R1_001	patient with endometriosis	0.969591753051894	0.969591753051894	0	8.46665058568296	8.44718505098312	-0.0194655346998402	In-phase	In-phase	FALSE	32	39
GSE135485	E12_S21_R1_001	patient with endometriosis	0.672313860808863	0.672313860808863	0	8.07080928295094	8.05366115622703	-0.0171481267239084	In-phase	In-phase	FALSE	32	39
GSE135485	E14_S1_L004_R1_001	patient with endometriosis	1.1210875255809	1.1210875255809	0	8.66837525314411	8.64772874427586	-0.0206465088682499	Advanced	Advanced	FALSE	32	39
GSE135485	E15_S2_L004_R1_001	patient with endometriosis	0.32541879892332	0.32541879892332	0	7.60890008354157	7.5944561517955	-0.0144439317460723	In-phase	In-phase	FALSE	32	39
GSE135485	E16_S3_L004_R1_001	patient with endometriosis	0.320132367739799	0.320132367739799	0	7.60186091964446	7.58745819788442	-0.0144027217600335	In-phase	In-phase	FALSE	32	39
GSE135485	E19_S4_L004_R1_001	patient with endometriosis	-0.710844043775361	-0.710844043775361	0	6.22906106984426	6.22269524898195	-0.00636582086230408	Delayed	Delayed	FALSE	32	39
GSE135485	E1_S2_L002_R1_001	patient with endometriosis	-0.361991269503427	-0.361991269503427	0	6.69357706727535	6.68449179023208	-0.00908527704326634	In-phase	In-phase	FALSE	32	39
GSE135485	E20_S5_L004_R1_001	patient with endometriosis	0.0658356602554763	0.0658356602554763	0	7.26325134726237	7.25083097680916	-0.0124203704532109	In-phase	In-phase	FALSE	32	39
GSE135485	E21_S6_L004_R1_001	patient with endometriosis	0.417495480292489	0.417495480292489	0	7.73150507521925	7.71634336646597	-0.0151617087532765	In-phase	In-phase	FALSE	32	39
GSE135485	E22_S7_L004_R1_001	patient with endometriosis	-0.239757637769479	-0.239757637769479	0	6.85633764007865	6.84629949973643	-0.0100381403422158	In-phase	In-phase	FALSE	32	39
GSE135485	E23_S8_L004_R1_001	patient with endometriosis	-0.192733726765204	-0.192733726765204	0	6.91895247514438	6.90854776335752	-0.0104047117868618	In-phase	In-phase	FALSE	32	39
GSE135485	E26_S9_L004_R1_001	patient with endometriosis	-0.861594657545431	-0.861594657545431	0	6.02832862084797	6.0231379653237	-0.00519065552427111	Delayed	Delayed	FALSE	32	39
GSE135485	E27_S10_L004_R1_001	patient with endometriosis	0.0623529188809572	0.0623529188809572	0	7.25861389214465	7.24622067114604	-0.01239322099861	In-phase	In-phase	FALSE	32	39
GSE135485	E28_S11_L005_R1_001	patient with endometriosis	0.0199683337400014	0.0199683337400014	0	7.20217656587272	7.19011375079471	-0.0120628150780044	In-phase	In-phase	FALSE	32	39
GSE135485	E29_S12_L005_R1_001	patient with endometriosis	0.151409314044154	0.151409314044154	0	7.37719721232373	7.36410975873722	-0.0130874535865146	In-phase	In-phase	FALSE	32	39
GSE135485	E2_S2_L002_R1_001	patient with endometriosis	-0.311713349973346	-0.311713349973346	0	6.76052478752214	6.75104757264975	-0.0094772148723905	In-phase	In-phase	FALSE	32	39
GSE135485	E30_S13_L005_R1_001	patient with endometriosis	0.156886400569982	0.156886400569982	0	7.38449024393534	7.37136009412307	-0.0131301498122722	In-phase	In-phase	FALSE	32	39
GSE135485	E31_S14_L005_R1_001	patient with endometriosis	-0.581510252691654	-0.581510252691654	0	6.40127588192989	6.39390184899788	-0.007374032932006	Delayed	Delayed	FALSE	32	39
GSE135485	E33_S15_L005_R1_001	patient with endometriosis	0.215752627195045	0.215752627195045	0	7.46287375122667	7.44928471406807	-0.0135890371586029	In-phase	In-phase	FALSE	32	39
GSE135485	E34_S16_L005_R1_001	patient with endometriosis	0.642917607918118	0.642917607918118	0	8.03166661091463	8.01474764052118	-0.0169189703934531	In-phase	In-phase	FALSE	32	39
GSE135485	E37_S17_L005_R1_001	patient with endometriosis	0.709454661916774	0.709454661916774	0	8.12026423227171	8.10282657716051	-0.0174376551112037	In-phase	In-phase	FALSE	32	39
GSE135485	E38_S18_L005_R1_001	patient with endometriosis	0.104949783437439	0.104949783437439	0	7.31533387973307	7.30260859800527	-0.0127252817278087	In-phase	In-phase	FALSE	32	39
GSE135485	E39_S19_L005_R1_001	patient with endometriosis	-0.156581994353654	-0.156581994353654	0	6.96709042696392	6.95640389700214	-0.0106865299617764	In-phase	In-phase	FALSE	32	39
GSE135485	E3_S20_L006_R1_001	patient with endometriosis	0.0310163926161133	0.0310163926161133	0	7.21688764305771	7.20473870364814	-0.0121489394095686	In-phase	In-phase	FALSE	32	39
GSE135485	E40_S20_L005_R1_001	patient with endometriosis	0.557132202882542	0.557132202882542	0	7.91743878782136	7.9011885512525	-0.0162502365688555	In-phase	In-phase	FALSE	32	39
GSE135485	E42_S21_L006_R1_001	patient with endometriosis	-0.758515186237304	-0.758515186237304	0	6.16558441171647	6.1595902077441	-0.00599420397236372	Delayed	Delayed	FALSE	32	39
GSE135485	E43_S22_L006_R1_001	patient with endometriosis	-0.648627191052984	-0.648627191052984	0	6.31190611374472	6.30505528597643	-0.00685082776829482	Delayed	Delayed	FALSE	32	39
GSE135485	E44_S23_L006_R1_001	patient with endometriosis	0.711775116027482	0.711775116027482	0	8.12335404016554	8.10589829612474	-0.0174557440408023	In-phase	In-phase	FALSE	32	39
GSE135485	E46_S24_L006_R1_001	patient with endometriosis	-0.398706200829797	-0.398706200829797	0	6.64468918618776	6.63589011769518	-0.00879906849257495	In-phase	In-phase	FALSE	32	39
GSE135485	E47_S10_L004_R1_001	patient with endometriosis	-0.386320058665857	-0.386320058665857	0	6.66118199233962	6.65228636858548	-0.00889562375413622	In-phase	In-phase	FALSE	32	39
GSE135485	E48_S25_L006_R1_001	patient with endometriosis	-0.312423175918363	-0.312423175918363	0	6.75957961657563	6.75010793509926	-0.00947168147636823	In-phase	In-phase	FALSE	32	39
GSE135485	E49_S26_L006_R1_001	patient with endometriosis	-0.228764066490591	-0.228764066490591	0	6.87097616413396	6.86085232421424	-0.010123839919717	In-phase	In-phase	FALSE	32	39
GSE135485	E51_S27_L006_R1_001	patient with endometriosis	-0.23987297114714	-0.23987297114714	0	6.85618406756063	6.84614682629129	-0.010037241269341	In-phase	In-phase	FALSE	32	39
GSE135485	E52_S28_L006_R1_001	patient with endometriosis	0.135359552241973	0.135359552241973	0	7.35582610203908	7.34286376319195	-0.0129623388471334	In-phase	In-phase	FALSE	32	39
GSE135485	E53_S29_L006_R1_001	patient with endometriosis	0.151692295236828	0.151692295236828	0	7.37757401681165	7.36448435726603	-0.0130896595456198	In-phase	In-phase	FALSE	32	39
GSE135485	E55_S30_L006_R1_001	patient with endometriosis	-0.864576362512414	-0.864576362512414	0	6.02435832231824	6.01919091045605	-0.00516741186218805	Delayed	Delayed	FALSE	32	39
GSE135485	E56_S11_L008_R1_001	patient with endometriosis	0.161634891704962	0.161634891704962	0	7.39081311208641	7.37764594576024	-0.0131671663261708	In-phase	In-phase	FALSE	32	39
GSE135485	E57_S12_L008_R1_001	patient with endometriosis	-0.490724973186585	-0.490724973186585	0	6.52216130343577	6.51407956052494	-0.00808174291082331	In-phase	In-phase	FALSE	32	39
GSE135485	E59_S13_L008_R1_001	patient with endometriosis	0.440976036112608	0.440976036112608	0	7.76277068240779	7.7474259327061	-0.0153447497016845	In-phase	In-phase	FALSE	32	39
GSE135485	E5_S7_L008_R1_001	patient with endometriosis	-0.755934286959419	-0.755934286959419	0	6.16902101618332	6.16300669300018	-0.00601432318313577	Delayed	Delayed	FALSE	32	39
GSE135485	E60_S14_L008_R1_001	patient with endometriosis	-0.241615797788415	-0.241615797788415	0	6.85386340132167	6.84383974612941	-0.0100236551922581	In-phase	In-phase	FALSE	32	39
GSE135485	E62_S15_L008_R1_001	healthy control	-0.205344762354671	-0.205344762354671	0	6.90216021145175	6.89185380806663	-0.0103064033851199	In-phase	In-phase	FALSE	32	39
GSE135485	E64_S16_L008_R1_001	patient with endometriosis	-0.2534282596536	-0.2534282596536	0	6.83813448095727	6.82820290894394	-0.0099315720133335	In-phase	In-phase	FALSE	32	39
GSE135485	E65_S17_L008_R1_001	patient with endometriosis	-0.781235871285686	-0.781235871285686	0	6.13533061281923	6.12951352627848	-0.00581708654075008	Delayed	Delayed	FALSE	32	39
GSE135485	E67_S18_L008_R1_001	patient with endometriosis	0.135467688603588	0.135467688603588	0	7.35597009134798	7.34300690953178	-0.0129631818161977	In-phase	In-phase	FALSE	32	39
GSE135485	E68_S3_L008_R1_001	patient with endometriosis	-0.0543119975959152	-0.0543119975959152	0	7.10326835947525	7.09178459126479	-0.0114837682104625	In-phase	In-phase	FALSE	32	39
GSE135485	E6_S19_R1_001	patient with endometriosis	0.0382004469980549	0.0382004469980549	0	7.22645359303128	7.2142486508534	-0.012204942177882	In-phase	In-phase	FALSE	32	39
GSE135485	E70_S2_L002_R1_001	patient with endometriosis	0.0299305642921998	0.0299305642921998	0	7.21544180497322	7.20330133005861	-0.0121404749146157	In-phase	In-phase	FALSE	32	39
GSE135485	E71_S2_L002_R1_001	patient with endometriosis	0.449338246526483	0.449338246526483	0	7.77390540971285	7.75849547301403	-0.015409936698819	In-phase	In-phase	FALSE	32	39
GSE135485	E72_S21_L004_R1_001	patient with endometriosis	-0.386039814920246	-0.386039814920246	0	6.66155515177138	6.65265734339771	-0.00889780837367304	In-phase	In-phase	FALSE	32	39
GSE135485	E74_S1_L001_R1_001	patient with endometriosis	0.156022947730537	0.156022947730537	0	7.38334051061937	7.37021709179029	-0.0131234188290774	In-phase	In-phase	FALSE	32	39
GSE135485	E75_S2_L001_R1_001	patient with endometriosis	0.0062025053510103	0.0062025053510103	0	7.18384663423344	7.17189112965963	-0.0119555045738045	In-phase	In-phase	FALSE	32	39
GSE135485	E8_S21_L006_R1_001	patient with endometriosis	0.0441009234089144	0.0441009234089144	0	7.23431039076216	7.22205945185376	-0.0122509389083936	In-phase	In-phase	FALSE	32	39
GSE135485	E9_S20_R1_001	patient with endometriosis	0.267207460755698	0.267207460755698	0	7.53138859501417	7.51739844547955	-0.0139901495346155	In-phase	In-phase	FALSE	32	39
GSE135485	EN1_S3_L001_R1_001	healthy control	-0.427138839248926	-0.427138839248926	0	6.60682961800051	6.59825219405254	-0.00857742394796368	In-phase	In-phase	FALSE	32	39
GSE135485	EN2_S4_L001_R1_001	healthy control	0.101545125179009	0.101545125179009	0	7.31080039643162	7.29810165546722	-0.0126987409644039	In-phase	In-phase	FALSE	32	39
GSE135485	EN3_S5_L001_R1_001	healthy control	0.211413762109506	0.211413762109506	0	7.45709632191674	7.44354110806225	-0.0135552138544881	In-phase	In-phase	FALSE	32	39
GSE157718	ES1	Adenomyosis	-0.425952808185543	-0.425952808185543	0	6.60840888135463	6.60436372151909	-0.00404515983553733	In-phase	In-phase	FALSE	31	38
GSE157718	ES2	Adenomyosis	-0.00399602219773787	-0.00399602219773787	0	7.17026675313167	7.16088580977494	-0.00938094335672268	In-phase	In-phase	FALSE	31	38
GSE157718	ES3	Adenomyosis	-0.188021179814864	-0.188021179814864	0	6.92522748170452	6.91817359750671	-0.00705388419781361	In-phase	In-phase	FALSE	31	38
GSE157718	NS1	Control	0.937818396634708	0.937818396634708	0	8.42434267404699	8.40305217496584	-0.0212904990811467	In-phase	In-phase	FALSE	31	38
GSE157718	NS2	Control	-0.16621792574602	-0.16621792574602	0	6.95425967252533	6.94693007894772	-0.00732959357761676	In-phase	In-phase	FALSE	31	38
GSE157718	NS3	Control	-0.153630460690547	-0.153630460690547	0	6.97102055080006	6.96353178455157	-0.0074887662484846	In-phase	In-phase	FALSE	31	38
GSE179640	Control Patient 1 - Control Endometrium	Control_Eutopic	-0.442686107493048	-0.442686107493048	0	6.58612760457717	6.58612760457717	1.77635683940025e-15	In-phase	In-phase	FALSE	40	40
GSE179640	Control Patient 2 - Control Endometrium	Control_Eutopic	0.496633738527974	0.496633738527974	0	7.83688186930076	7.83688186930075	-8.88178419700125e-16	In-phase	In-phase	FALSE	40	40
GSE179640	Control Patient 3 - Control Endometrium	Control_Eutopic	0.35661950044715	0.35661950044715	0	7.65044547477184	7.65044547477184	-8.88178419700125e-16	In-phase	In-phase	FALSE	40	40
GSE179640	Endometriosis Patient 1 - Ectopic	Ectopic	0.618372010251845	0.618372010251845	0	7.99898284394076	7.99898284394076	-1.77635683940025e-15	In-phase	In-phase	FALSE	40	40
GSE179640	Endometriosis Patient 1 - Ectopic Adjacent	Ectopic_Adjacent	0.654102411986427	0.654102411986427	0	8.04655977158593	8.04655977158593	-1.77635683940025e-15	In-phase	In-phase	FALSE	40	40
GSE179640	Endometriosis Patient 1 - Eutopic	Endo_Eutopic	0.0393971367421033	0.0393971367421033	0	7.22804704898482	7.22804704898482	0	In-phase	In-phase	FALSE	40	40
GSE179640	Endometriosis Patient 10 - Ectopic Ovary	Ectopic_Ovary	-0.567842970924532	-0.567842970924532	0	6.41947459350808	6.41947459350808	1.77635683940025e-15	Delayed	Delayed	FALSE	40	40
GSE179640	Endometriosis Patient 11 - Ectopic Ovary	Ectopic_Ovary	0.533191880848115	0.533191880848115	0	7.88556097749908	7.88556097749908	-8.88178419700125e-16	In-phase	In-phase	FALSE	40	40
GSE179640	Endometriosis Patient 2 - Ectopic	Ectopic	-0.562861471778262	-0.562861471778262	0	6.42610772420185	6.42610772420185	1.77635683940025e-15	Delayed	Delayed	FALSE	40	40
GSE179640	Endometriosis Patient 2 - Ectopic Adjacent	Ectopic_Adjacent	-0.715712837331271	-0.715712837331271	0	6.22257801263013	6.22257801263014	1.77635683940025e-15	Delayed	Delayed	FALSE	40	40
GSE179640	Endometriosis Patient 2 - Eutopic	Endo_Eutopic	-1.08343714853925	-1.08343714853925	0	5.73293356145175	5.73293356145175	2.66453525910038e-15	Delayed	Delayed	FALSE	40	40
GSE179640	Endometriosis Patient 3 - Ectopic	Ectopic	0.121276538677133	0.121276538677133	0	7.33707382149162	7.33707382149162	-8.88178419700125e-16	In-phase	In-phase	FALSE	40	40
GSE179640	Endometriosis Patient 3 - Ectopic Adjacent	Ectopic_Adjacent	-0.414881512086734	-0.414881512086734	0	6.62315090013584	6.62315090013584	1.77635683940025e-15	In-phase	In-phase	FALSE	40	40
GSE179640	Endometriosis Patient 3 - Eutopic	Endo_Eutopic	-0.496588656820439	-0.496588656820439	0	6.51435349724164	6.51435349724164	8.88178419700125e-16	In-phase	In-phase	FALSE	40	40
GSE179640	Endometriosis Patient 4 - Ectopic	Ectopic	0.286042379426646	0.286042379426646	0	7.55646828959659	7.55646828959659	-8.88178419700125e-16	In-phase	In-phase	FALSE	40	40
GSE179640	Endometriosis Patient 4 - Ectopic Adjacent	Ectopic_Adjacent	0.225646871143465	0.225646871143465	0	7.4760484625533	7.4760484625533	-8.88178419700125e-16	In-phase	In-phase	FALSE	40	40
GSE179640	Endometriosis Patient 4 - Eutopic	Endo_Eutopic	0.468933236242936	0.468933236242936	0	7.79999717926172	7.79999717926172	-8.88178419700125e-16	In-phase	In-phase	FALSE	40	40
GSE179640	Endometriosis Patient 5 - Ectopic	Ectopic	0.0724746171132102	0.0724746171132102	0	7.2720914709309	7.2720914709309	-8.88178419700125e-16	In-phase	In-phase	FALSE	40	40
GSE179640	Endometriosis Patient 5 - Ectopic Adjacent	Ectopic_Adjacent	0.166336722651097	0.166336722651097	0	7.39707384971779	7.39707384971779	-8.88178419700125e-16	In-phase	In-phase	FALSE	40	40
GSE179640	Endometriosis Patient 5 - Eutopic	Endo_Eutopic	0.0646040437288511	0.0646040437288511	0	7.26161138444278	7.26161138444278	-8.88178419700125e-16	In-phase	In-phase	FALSE	40	40
GSE179640	Endometriosis Patient 6 - Ectopic	Ectopic	-0.136513605447266	-0.136513605447266	0	6.99381255267767	6.99381255267767	8.88178419700125e-16	In-phase	In-phase	FALSE	40	40
GSE179640	Endometriosis Patient 6 - Eutopic	Endo_Eutopic	-1.23207317607719	-1.23207317607719	0	5.53501679633478	5.53501679633479	3.5527136788005e-15	Delayed	Delayed	FALSE	40	40
GSE179640	Endometriosis Patient 7 - Ectopic	Ectopic	0.342889687950193	0.342889687950193	0	7.6321635002057	7.6321635002057	-8.88178419700125e-16	In-phase	In-phase	FALSE	40	40
GSE179640	Endometriosis Patient 7 - Ectopic Ovary	Ectopic_Ovary	0.0464200028629799	0.0464200028629799	0	7.23739836822765	7.23739836822765	-8.88178419700125e-16	In-phase	In-phase	FALSE	40	40
GSE179640	Endometriosis Patient 7 - Eutopic	Endo_Eutopic	-0.345133715271378	-0.345133715271378	0	6.71602379608435	6.71602379608435	1.77635683940025e-15	In-phase	In-phase	FALSE	40	40
GSE179640	Endometriosis Patient 8 - Eutopic	Endo_Eutopic	-0.456260948020016	-0.456260948020016	0	6.56805198342004	6.56805198342004	1.77635683940025e-15	In-phase	In-phase	FALSE	40	40
GSE179640	Endometriosis Patient 9 - Ectopic	Ectopic	-0.00412566302202477	-0.00412566302202477	0	7.17009412948856	7.17009412948856	0	In-phase	In-phase	FALSE	40	40
GSE179640	Endometriosis Patient 9 - Ectopic Adjacent-1	Ectopic_Adjacent	-0.121539673757582	-0.121539673757582	0	7.01375113802736	7.01375113802737	8.88178419700125e-16	In-phase	In-phase	FALSE	40	40
GSE179640	Endometriosis Patient 9 - Ectopic Adjacent-2	Ectopic_Adjacent	0.00531273337987237	0.00531273337987237	0	7.18266185559574	7.18266185559574	0	In-phase	In-phase	FALSE	40	40
GSE179640	Endometriosis Patient 9 - Ectopic Ovary	Ectopic_Ovary	0.263797281915286	0.263797281915286	0	7.5268477607646	7.5268477607646	-8.88178419700125e-16	In-phase	In-phase	FALSE	40	40
GSE179640	Endometriosis Patient 9 - Eutopic	Endo_Eutopic	0.139944221293162	0.139944221293162	0	7.36193083238457	7.36193083238457	0	In-phase	In-phase	FALSE	40	40
GSE179640	Patient-Derived Organoid - E02_E03_E10	Mix	1.0761891531335	1.0761891531335	0	8.60859068555979	8.60859068555979	-1.77635683940025e-15	Advanced	Advanced	FALSE	40	40
GSE179640	Patient-Derived Organoid - E05_E07_C01_C02	Mix	0.601473318247069	0.601473318247069	0	7.97648133800244	7.97648133800244	-1.77635683940025e-15	In-phase	In-phase	FALSE	40	40
GSE190580	Ade-endo-1	Adenomyosis	0.0379749667424755	0.0379749667424755	0	7.22615335409513	7.21624167366155	-0.00991168043357948	In-phase	In-phase	FALSE	31	38
GSE190580	Ade-endo-2	Adenomyosis	-0.0772860373467649	-0.0772860373467649	0	7.07267720533535	7.06422303853036	-0.00845416680498623	In-phase	In-phase	FALSE	31	38
GSE190580	Ade-endo-3	Adenomyosis	1.05591413711894	1.05591413711894	0	8.581593424877	8.55880956598527	-0.0227838588917315	Advanced	Advanced	FALSE	31	38
GSE190580	Ade-endo-4	Adenomyosis	0.622776165209067	0.622776165209067	0	8.00484721018255	7.98754052461677	-0.0173066855657806	In-phase	In-phase	FALSE	31	38
GSE190580	Ade-endo-5	Adenomyosis	-0.050399589602877	-0.050399589602877	0	7.10847793851626	7.09968378366136	-0.00879415485489776	In-phase	In-phase	FALSE	31	38
GSE190580	Ade-endo-6	Adenomyosis	-0.0794990689009963	-0.0794990689009963	0	7.06973043628096	7.06130425399404	-0.00842618228692427	In-phase	In-phase	FALSE	31	38
GSE190580	Ade-myo-1	Adenomyosis	1.2962008164539	1.2962008164539	0	8.90154790066878	8.87572553701417	-0.0258223636546173	Advanced	Advanced	FALSE	31	38
GSE190580	Ade-myo-2	Adenomyosis	-0.331502999151181	-0.331502999151181	0	6.73417381856156	6.72893430956194	-0.00523950899962244	In-phase	In-phase	FALSE	31	38
GSE190580	Ade-myo-3	Adenomyosis	0.976988858377304	0.976988858377304	0	8.47650022430346	8.4547144017408	-0.0217858225626593	In-phase	In-phase	FALSE	31	38
GSE190580	Ade-myo-4	Adenomyosis	-0.702118585031902	-0.702118585031902	0	6.24067948159322	6.24012652960964	-0.000552951983583405	Delayed	Delayed	FALSE	31	38
GSE190580	Ade-myo-5	Adenomyosis	0.316284401196454	0.316284401196454	0	7.59673714781637	7.58330615226934	-0.0134309955470293	In-phase	In-phase	FALSE	31	38
GSE190580	Ade-myo-6	Adenomyosis	-0.485531151018603	-0.485531151018603	0	6.52907715350998	6.52578538158161	-0.00329177192837538	In-phase	In-phase	FALSE	31	38
GSE190580	Con-endo-1	Control	-0.393204295286158	-0.393204295286158	0	6.65201526563978	6.647555989996	-0.00445927564377779	In-phase	In-phase	FALSE	31	38
GSE190580	Con-endo-2	Control	-0.584209861716702	-0.584209861716702	0	6.3976812091297	6.39563726222967	-0.00204394690003262	Delayed	Delayed	FALSE	31	38
GSE190580	Con-endo-3	Control	-1.39271380342781	-1.39271380342781	0	5.32111526897137	5.32929512259369	0.00817985362232765	Delayed	Delayed	FALSE	31	38
GSE190580	Con-endo-4	Control	0.614980441142675	0.614980441142675	0	7.99446678953675	7.97725868348762	-0.0172081060491331	In-phase	In-phase	FALSE	31	38
GSE190580	Con-endo-5	Control	-0.622826741130258	-0.622826741130258	0	6.34626078314656	6.34470515949587	-0.00155562365069262	Delayed	Delayed	FALSE	31	38
GSE190580	Con-myo-1	Control	-0.298144734545324	-0.298144734545324	0	6.77859211962939	6.77293078430895	-0.0056613353204451	In-phase	In-phase	FALSE	31	38
GSE190580	Con-myo-2	Control	0.904089795522537	0.904089795522537	0	8.37943125025145	8.35856726051909	-0.0208639897323621	In-phase	In-phase	FALSE	31	38
GSE190580	Con-myo-3	Control	-0.416326041080799	-0.416326041080799	0	6.62122743305751	6.61706053955875	-0.00416689349875909	In-phase	In-phase	FALSE	31	38
GSE190580	Con-myo-4	Control	0.165828454019542	0.165828454019542	0	7.3963970630394	7.38486863285041	-0.0115284301889886	In-phase	In-phase	FALSE	31	38
GSE190580	Con-myo-5	Control	-0.557275127543508	-0.557275127543508	0	6.43354623825586	6.431161692708	-0.0023845455478595	Delayed	Delayed	FALSE	31	38
GSE213216	GSM6574509	Lesion	0.00561769634483755	0.00561769634483755	0	7.18306792998097	7.18306792998097	0	In-phase	In-phase	FALSE	40	40
GSE213216	GSM6574510	Lesion	0.155544098566835	0.155544098566835	0	7.38270289752496	7.38270289752496	0	In-phase	In-phase	FALSE	40	40
GSE213216	GSM6574511	Lesion	-0.0379514917452396	-0.0379514917452396	0	7.12505324196491	7.12505324196491	0	In-phase	In-phase	FALSE	40	40
GSE213216	GSM6574512	Eutopic	-0.538616320016266	-0.538616320016266	0	6.4583914314967	6.45839143149671	8.88178419700125e-16	Delayed	Delayed	FALSE	40	40
GSE213216	GSM6574513	Ovary	-0.502662798450487	-0.502662798450487	0	6.5062654550476	6.5062654550476	1.77635683940025e-15	In-phase	In-phase	FALSE	40	40
GSE213216	GSM6574514	Lesion	0.287872197646075	0.287872197646075	0	7.55890478974221	7.55890478974221	-8.88178419700125e-16	In-phase	In-phase	FALSE	40	40
GSE213216	GSM6574515	Lesion	0.352337673357105	0.352337673357105	0	7.64474399458235	7.64474399458235	-1.77635683940025e-15	In-phase	In-phase	FALSE	40	40
GSE213216	GSM6574516	Lesion	0.199579032051611	0.199579032051611	0	7.44133775027103	7.44133775027103	-8.88178419700125e-16	In-phase	In-phase	FALSE	40	40
GSE213216	GSM6574517	Lesion	0.559528971043375	0.559528971043375	0	7.92063021192617	7.92063021192617	-1.77635683940025e-15	In-phase	In-phase	FALSE	40	40
GSE213216	GSM6574518	No_endo_detected	0.200813806613603	0.200813806613603	0	7.44298191818244	7.44298191818244	-8.88178419700125e-16	In-phase	In-phase	FALSE	40	40
GSE213216	GSM6574519	Lesion	0.369362999726711	0.369362999726711	0	7.66741412090333	7.66741412090333	-8.88178419700125e-16	In-phase	In-phase	FALSE	40	40
GSE213216	GSM6574520	Lesion	0.193166188743794	0.193166188743794	0	7.4327987088037	7.4327987088037	0	In-phase	In-phase	FALSE	40	40
GSE213216	GSM6574521	No_endo_detected	0.774262402295189	0.774262402295189	0	8.20655918069505	8.20655918069505	-3.5527136788005e-15	In-phase	In-phase	FALSE	40	40
GSE213216	GSM6574522	Lesion	0.246166432251299	0.246166432251299	0	7.50337134801622	7.50337134801622	0	In-phase	In-phase	FALSE	40	40
GSE213216	GSM6574523	Lesion	0.161360019478507	0.161360019478507	0	7.3904471051177	7.3904471051177	-8.88178419700125e-16	In-phase	In-phase	FALSE	40	40
GSE213216	GSM6574524	Lesion	0.0780037574351771	0.0780037574351771	0	7.27945381493678	7.27945381493678	0	In-phase	In-phase	FALSE	40	40
GSE213216	GSM6574525	Lesion	0.425224275752602	0.425224275752602	0	7.74179637687104	7.74179637687104	-8.88178419700125e-16	In-phase	In-phase	FALSE	40	40
GSE213216	GSM6574526	Lesion	0.469525606794159	0.469525606794159	0	7.80078595211303	7.80078595211303	-8.88178419700125e-16	In-phase	In-phase	FALSE	40	40
GSE213216	GSM6574527	Lesion	0.378091247807196	0.378091247807196	0	7.6790362468027	7.6790362468027	-8.88178419700125e-16	In-phase	In-phase	FALSE	40	40
GSE213216	GSM6574528	Eutopic	0.0665987847531964	0.0665987847531964	0	7.26426748806264	7.26426748806263	-8.88178419700125e-16	In-phase	In-phase	FALSE	40	40
GSE213216	GSM6574529	No_endo_detected	-0.0764156584991196	-0.0764156584991196	0	7.07383616099909	7.07383616099909	0	In-phase	In-phase	FALSE	40	40
GSE213216	GSM6574530	Lesion	-0.0553841705330149	-0.0553841705330149	0	7.10184070426358	7.10184070426358	0	In-phase	In-phase	FALSE	40	40
GSE213216	GSM6574531	No_endo_detected	0.0584916781819088	0.0584916781819088	0	7.25347244507322	7.25347244507322	-8.88178419700125e-16	In-phase	In-phase	FALSE	40	40
GSE213216	GSM6574532	Lesion	-0.0547395685690386	-0.0547395685690386	0	7.10269902601512	7.10269902601512	0	In-phase	In-phase	FALSE	40	40
GSE213216	GSM6574533	Lesion	0.42559833250694	0.42559833250694	0	7.74229445330657	7.74229445330657	-8.88178419700125e-16	In-phase	In-phase	FALSE	40	40
GSE213216	GSM6574534	Eutopic	0.881984568504619	0.881984568504619	0	8.34999696641037	8.34999696641036	-3.5527136788005e-15	In-phase	In-phase	FALSE	40	40
GSE213216	GSM6574535	Eutopic	0.282339017549478	0.282339017549478	0	7.55153706656185	7.55153706656185	-8.88178419700125e-16	In-phase	In-phase	FALSE	40	40
GSE213216	GSM6574536	Eutopic	-0.0358646548023025	-0.0358646548023025	0	7.12783197619183	7.12783197619183	0	In-phase	In-phase	FALSE	40	40
GSE213216	GSM6574537	Lesion	-0.351142495304869	-0.351142495304869	0	6.70802278632765	6.70802278632765	8.88178419700125e-16	In-phase	In-phase	FALSE	40	40
GSE213216	GSM6574538	Ovary	-0.779921231671121	-0.779921231671121	0	6.13708112528999	6.13708112528999	1.77635683940025e-15	Delayed	Delayed	FALSE	40	40
GSE213216	GSM6574539	Eutopic	-0.0238441946808196	-0.0238441946808196	0	7.14383785728182	7.14383785728182	0	In-phase	In-phase	FALSE	40	40
GSE213216	GSM6574540	Ovary	-0.698571625941226	-0.698571625941226	0	6.24540244601078	6.24540244601078	1.77635683940025e-15	Delayed	Delayed	FALSE	40	40
GSE213216	GSM6574541	Lesion	-0.274296169101384	-0.274296169101384	0	6.81034775117801	6.81034775117801	8.88178419700125e-16	In-phase	In-phase	FALSE	40	40
GSE213216	GSM6574542	Eutopic	-0.434169162016217	-0.434169162016217	0	6.59746836983693	6.59746836983694	8.88178419700125e-16	In-phase	In-phase	FALSE	40	40
GSE213216	GSM6574543	Eutopic	-0.875165520645848	-0.875165520645848	0	6.01025829584555	6.01025829584555	1.77635683940025e-15	Delayed	Delayed	FALSE	40	40
GSE213216	GSM6574544	Eutopic	-0.162520354802947	-0.162520354802947	0	6.95918318462375	6.95918318462375	0	In-phase	In-phase	FALSE	40	40
GSE213216	GSM6574545	Ovary	-0.543338618307943	-0.543338618307943	0	6.45210344050766	6.45210344050766	8.88178419700125e-16	Delayed	Delayed	FALSE	40	40
GSE213216	GSM6574546	Lesion	-0.0882523337617127	-0.0882523337617127	0	7.05807499921001	7.05807499921001	0	In-phase	In-phase	FALSE	40	40
GSE213216	GSM6574547	Lesion	0.0974095210302102	0.0974095210302102	0	7.30529361985469	7.30529361985469	-8.88178419700125e-16	In-phase	In-phase	FALSE	40	40
GSE213216	GSM6574548	Lesion	-0.159459825472458	-0.159459825472458	0	6.96325844198005	6.96325844198005	8.88178419700125e-16	In-phase	In-phase	FALSE	40	40
GSE213216	GSM6574549	Lesion	-0.022701105317616	-0.022701105317616	0	7.14535994148141	7.14535994148141	0	In-phase	In-phase	FALSE	40	40
GSE213216	GSM6574550	Lesion	-0.338064685293846	-0.338064685293846	0	6.7254365849542	6.7254365849542	8.88178419700125e-16	In-phase	In-phase	FALSE	40	40
GSE213216	GSM6574551	Lesion	-0.490801632709424	-0.490801632709424	0	6.52205922720952	6.52205922720952	1.77635683940025e-15	In-phase	In-phase	FALSE	40	40
GSE213216	GSM6574552	Lesion	-0.157239717501973	-0.157239717501973	0	6.96621463365853	6.96621463365853	0	In-phase	In-phase	FALSE	40	40
GSE213216	GSM6574553	Lesion	0.0322450267104473	0.0322450267104473	0	7.2185236346103	7.2185236346103	0	In-phase	In-phase	FALSE	40	40
GSE214411	GSM6605431	endometriosis	-1.32762323265635	-1.32762323265635	0	5.40778682108492	5.41061937686314	0.00283255577821517	Delayed	Delayed	FALSE	32	36
GSE214411	GSM6605432	endometriosis	0.645996031892414	0.645996031892414	0	8.0357656959396	8.02287947662071	-0.0128862193188848	In-phase	In-phase	FALSE	32	36
GSE214411	GSM6605433	endometriosis	0.674927759909506	0.674927759909506	0	8.0742898284345	8.06117318406148	-0.0131166443730173	In-phase	In-phase	FALSE	32	36
GSE214411	GSM6605434	endometriosis	0.801685556637703	0.801685556637703	0	8.24307456721793	8.22894836779326	-0.0141261994246751	In-phase	In-phase	FALSE	32	36
GSE214411	GSM6605435	endometriosis	-0.645918079998494	-0.645918079998494	0	6.31551343900179	6.31291659399858	-0.0025968450032039	Delayed	Delayed	FALSE	32	36
GSE214411	GSM6605436	endometriosis	0.6891773818899	0.6891773818899	0	8.09326395693628	8.08003382228317	-0.0132301346531083	In-phase	In-phase	FALSE	32	36
GSE214411	GSM6605437	Control	2.86747796250473	2.86747796250473	0	10.9937868752958	10.9632077931857	-0.0305790821100018	Advanced	Advanced	FALSE	32	36
GSE214411	GSM6605438	Control	-0.574458906826364	-0.574458906826364	0	6.41066512346504	6.40749914606032	-0.00316597740472169	Delayed	Delayed	FALSE	32	36
GSE214411	GSM6605439	Control	0.0594700495379015	0.0594700495379015	0	7.2547751984976	7.24656033103003	-0.00821486746757216	In-phase	In-phase	FALSE	32	36
GSE214411	GSM6605440	Control	-0.160367934209477	-0.160367934209477	0	6.96204924696467	6.95558526624937	-0.00646398071530108	In-phase	In-phase	FALSE	32	36
GSE214411	GSM7277296	Control	-0.548715979237441	-0.548715979237441	0	6.44494319882426	6.44157219337974	-0.00337100544451729	Delayed	Delayed	FALSE	32	36
GSE214411	GSM7277297	Control	-1.14697878429157	-1.14697878429157	0	5.6483244985842	5.64971832222832	0.00139382364411489	Delayed	Delayed	FALSE	32	36
GSE214411	GSM7277298	Control	-1.33467182515246	-1.33467182515246	0	5.39840124580706	5.40128993968759	0.00288869388052682	Delayed	Delayed	FALSE	32	36
GSE244236	B7-SEC	Control	-1.18580351605249	-1.18580351605249	0	5.59662730616096	5.60219071056762	0.00556340440666503	Delayed	Delayed	FALSE	31	38
GSE244236	B8-SEC	Control	-0.834687699063221	-0.834687699063221	0	6.06415666516634	6.06528009360264	0.00112342843629953	Delayed	Delayed	FALSE	31	38
GSE244236	B9-SEC	Control	-0.16486752153148	-0.16486752153148	0	6.95605780746051	6.94871113757367	-0.00734666988683674	In-phase	In-phase	FALSE	31	38
GSE244236	B10-SEC	Control	-0.169790956223273	-0.169790956223273	0	6.94950199267183	6.94221758124977	-0.00728441142206382	In-phase	In-phase	FALSE	31	38
GSE244236	B11-SEC	Control	-0.671812891082539	-0.671812891082539	0	6.28103312270188	6.28009694516596	-0.000936177535921345	Delayed	Delayed	FALSE	31	38
GSE244236	B12-SEC	Control	0.374729878295007	0.374729878295007	0	7.67456040476605	7.66039034677484	-0.0141700579912092	In-phase	In-phase	FALSE	31	38
GSE244236	B13-SEC	Control	0.0996688335393102	0.0996688335393102	0	7.30830201445858	7.2976101946156	-0.0106918198429788	In-phase	In-phase	FALSE	31	38
GSE244236	B14-SEC	Control	0.595358305642501	0.595358305642501	0	7.96833887393507	7.95137889629796	-0.0169599776371037	In-phase	In-phase	FALSE	31	38
GSE244236	B15-SEC	Control	-0.576080997626076	-0.576080997626076	0	6.40850522341172	6.40635848432893	-0.0021467390827894	Delayed	Delayed	FALSE	31	38
GSE244236	B16-SEC	Control	-0.515298255156509	-0.515298255156509	0	6.4894406733412	6.48652531631835	-0.00291535702285195	Delayed	Delayed	FALSE	31	38
GSE244236	B17-SEC	Control	-0.0652495606480457	-0.0652495606480457	0	7.08870441334861	7.08009804130329	-0.00860637204532111	In-phase	In-phase	FALSE	31	38
GSE244236	B18-SEC	Control	0.694774822919091	0.694774822919091	0	8.10071724696146	8.08250011448709	-0.0182171324743621	In-phase	In-phase	FALSE	31	38
GSE244236	B21-SEC	Control	0.0712435272937284	0.0712435272937284	0	7.27045220944984	7.26011983703296	-0.0103323724168769	In-phase	In-phase	FALSE	31	38
GSE244236	B24-SEC	Control	-0.841040416161615	-0.841040416161615	0	6.05569768494032	6.05690144559151	0.00120376065119476	Delayed	Delayed	FALSE	31	38
GSE244236	ADENO1-SEC	Adenomyosis	0.00132173240235497	0.00132173240235497	0	7.17734762582162	7.16789943769409	-0.00944818812753123	In-phase	In-phase	FALSE	31	38
GSE244236	ADENO2-SEC	Adenomyosis	0.0913455474573501	0.0913455474573501	0	7.29721911696884	7.28663254783919	-0.0105865691296518	In-phase	In-phase	FALSE	31	38
GSE244236	ADENO3-SEC	Adenomyosis	0.847876336577761	0.847876336577761	0	8.30458004402188	8.28442689212379	-0.0201531518980929	In-phase	In-phase	FALSE	31	38
GSE244236	ADENO4-SEC	Adenomyosis	0.0413901134566434	0.0413901134566434	0	7.23070080333247	7.22074593723589	-0.00995486609657803	In-phase	In-phase	FALSE	31	38
GSE244236	ADENO5-SEC	Adenomyosis	-0.0063829043064034	-0.0063829043064034	0	7.1670884928304	7.15773773238966	-0.00935076044073391	In-phase	In-phase	FALSE	31	38
GSE244236	ADENO6-SEC	Adenomyosis	0.896483208429962	0.896483208429962	0	8.36930267553185	8.34853487361636	-0.0207678019154827	In-phase	In-phase	FALSE	31	38
GSE244236	ADENO7-SEC	Adenomyosis	0.0428067493912256	0.0428067493912256	0	7.23258712932062	7.22261434939275	-0.0099727799278666	In-phase	In-phase	FALSE	31	38
GSE244236	ADENO8-SEC	Adenomyosis	-0.389152922776255	-0.389152922776255	0	6.65740988331576	6.65289937672276	-0.00451050659299934	In-phase	In-phase	FALSE	31	38
GSE244236	ADENO9-SEC	Adenomyosis	0.391402062553717	0.391402062553717	0	7.69676030361006	7.68237942031876	-0.0143808832912971	In-phase	In-phase	FALSE	31	38
GSE244236	ADENO10-SEC	Adenomyosis	0.736273139863971	0.736273139863971	0	8.15597446005828	8.13723256760123	-0.0187418924570508	In-phase	In-phase	FALSE	31	38
GSE244236	ADENO11-SEC	Adenomyosis	0.801036115259405	0.801036115259405	0	8.24220980152919	8.22264895976649	-0.0195608417626989	In-phase	In-phase	FALSE	31	38
GSE244236	ADENO12-SEC	Adenomyosis	0.206765255325071	0.206765255325071	0	7.45090658823885	7.43886049861869	-0.0120460896201662	In-phase	In-phase	FALSE	31	38
GSE244236	ADENO14-SEC	Adenomyosis	0.377416328263085	0.377416328263085	0	7.67813755558296	7.66393352654081	-0.0142040290421468	In-phase	In-phase	FALSE	31	38
GSE244236	ADENO16-SEC	Adenomyosis	0.551562673242565	0.551562673242565	0	7.91002266329337	7.8936164959549	-0.0164061673384674	In-phase	In-phase	FALSE	31	38
GSE244236	ADENO17-SEC	Adenomyosis	1.01654081478419	1.01654081478419	0	8.52916575496762	8.50687978479688	-0.0222859701707439	Advanced	Advanced	FALSE	31	38
GSE244236	ADENO1-GEST	Adenomyosis	-0.541629651567745	-0.541629651567745	0	6.45437902048995	6.4517966327088	-0.0025823877811515	Delayed	Delayed	FALSE	31	38
GSE244236	ADENO2-GEST	Adenomyosis	-1.39718201259033	-1.39718201259033	0	5.31516561115315	5.32340196676243	0.00823635560928437	Delayed	Delayed	FALSE	31	38
GSE244236	ADENO3-GEST	Adenomyosis	0.707800856286996	0.707800856286996	0	8.1180621022377	8.09968025125069	-0.0183818509870122	In-phase	In-phase	FALSE	31	38
GSE244236	ADENO4-GEST	Adenomyosis	-0.145489847533919	-0.145489847533919	0	6.98186020958748	6.9742685025854	-0.0075917070020779	In-phase	In-phase	FALSE	31	38
GSE244236	ADENO5-GEST	Adenomyosis	0.305715754284028	0.305715754284028	0	7.58266443312385	7.56936708162263	-0.0132973515012189	In-phase	In-phase	FALSE	31	38
GSE244236	ADENO6-GEST	Adenomyosis	0.178798445132798	0.178798445132798	0	7.41366729507702	7.40197485504828	-0.0116924400287406	In-phase	In-phase	FALSE	31	38
GSE244236	ADENO7-GEST	Adenomyosis	0.137840804369369	0.137840804369369	0	7.35913002103253	7.34795550395683	-0.0111745170757045	In-phase	In-phase	FALSE	31	38
GSE244236	ADENO8-GEST	Adenomyosis	-0.0546605666844893	-0.0546605666844893	0	7.1028042212204	7.09406394783406	-0.00874027338634242	In-phase	In-phase	FALSE	31	38
GSE244236	ADENO9-GEST	Adenomyosis	0.57290889312344	0.57290889312344	0	7.93844628881861	7.92177019144925	-0.0166760973693663	In-phase	In-phase	FALSE	31	38
GSE244236	ADENO10-GEST	Adenomyosis	0.650534523335147	0.650534523335147	0	8.04180893834681	8.02415123913512	-0.0176576992116875	In-phase	In-phase	FALSE	31	38
GSE244236	ADENO11-GEST	Adenomyosis	0.819590281289359	0.819590281289359	0	8.26691565905861	8.24712019371208	-0.0197954653465349	In-phase	In-phase	FALSE	31	38
GSE244236	ADENO12-GEST	Adenomyosis	0.563878895294808	0.563878895294808	0	7.92642236710287	7.90986045705128	-0.0165619100515881	In-phase	In-phase	FALSE	31	38
GSE244236	ADENO14-GEST	Adenomyosis	0.350509549602496	0.350509549602496	0	7.64230975070663	7.62844596680558	-0.0138637839010487	In-phase	In-phase	FALSE	31	38
GSE244236	ADENO16-GEST	Adenomyosis	-0.000525144318774623	-0.000525144318774623	0	7.17488841137496	7.16546357761617	-0.00942483375878655	In-phase	In-phase	FALSE	31	38
GSE244236	ADENO17-GEST	Adenomyosis	1.05095742083042	1.05095742083042	0	8.57499329387461	8.55227211430448	-0.0227211795701301	Advanced	Advanced	FALSE	31	38
GSE244236	B7-GEST	Control	-1.06001391625879	-1.06001391625879	0	5.76412283930263	5.7680955924957	0.00397275319307155	Delayed	Delayed	FALSE	31	38
GSE244236	B8-GEST	Control	-1.06876922160586	-1.06876922160586	0	5.75246468521573	5.75654815214903	0.00408346693330586	Delayed	Delayed	FALSE	31	38
GSE244236	B9-GEST	Control	-1.19773987493159	-1.19773987493159	0	5.58073341034204	5.586447753966	0.00571434362396239	Delayed	Delayed	FALSE	31	38
GSE244236	B10-GEST	Control	-1.10155751243934	-1.10155751243934	0	5.70880533449861	5.71330342024533	0.00449808574671717	Delayed	Delayed	FALSE	31	38
GSE244236	B11-GEST	Control	-1.00306293719697	-1.00306293719697	0	5.83995609273968	5.84320868191197	0.00325258917228943	Delayed	Delayed	FALSE	31	38
GSE244236	B12-GEST	Control	-0.214152501738208	-0.214152501738208	0	6.89043223866038	6.883708793696	-0.00672344496437649	In-phase	In-phase	FALSE	31	38
GSE244236	B13-GEST	Control	-0.0786024293236812	-0.0786024293236812	0	7.07092435950104	7.06248683890925	-0.00843752059179348	In-phase	In-phase	FALSE	31	38
GSE244236	B14-GEST	Control	0.138984429964556	0.138984429964556	0	7.36065281925349	7.34946384065279	-0.0111889786006953	In-phase	In-phase	FALSE	31	38
GSE244236	B15-GEST	Control	-0.731822120428968	-0.731822120428968	0	6.20112764657917	6.2009503056533	-0.00017734092587407	Delayed	Delayed	FALSE	31	38
GSE244236	B16-GEST	Control	1.10478859582245	1.10478859582245	0	8.64667236249173	8.62327046985812	-0.0234018926336148	Advanced	Advanced	FALSE	31	38
GSE244236	B17-GEST	Control	-0.0677657549381415	-0.0677657549381415	0	7.08535396700966	7.07677941307575	-0.00857455393390438	In-phase	In-phase	FALSE	31	38
GSE244236	B18-GEST	Control	0.570201333900614	0.570201333900614	0	7.93484102990783	7.91819917052293	-0.0166418593849009	In-phase	In-phase	FALSE	31	38
GSE244236	B24-GEST	Control	-0.907364095748725	-0.907364095748725	0	5.96738418294509	5.96942662852411	0.00204244557902822	Delayed	Delayed	FALSE	31	38
GSE250130	endometrium, LH11_1, rep1	LH11	3.35585027788159	3.35585027788159	0	11.6440805519577	11.6440805519577	-8.88178419700125e-15	Advanced	Advanced	FALSE	40	40
GSE250130	endometrium, LH11_2, rep2	LH11	2.56772249685157	2.56772249685157	0	10.5946465519777	10.5946465519777	-7.105427357601e-15	Advanced	Advanced	FALSE	40	40
GSE250130	endometrium, LH11_3, rep3	LH11	2.20686065177552	2.20686065177552	0	10.1141398389376	10.1141398389376	-5.32907051820075e-15	Advanced	Advanced	FALSE	40	40
GSE250130	endometrium, LH3_1, rep1	LH3	-2.92029017341075	-2.92029017341075	0	3.28706619874191	3.28706619874192	8.43769498715119e-15	Delayed	Delayed	FALSE	40	40
GSE250130	endometrium, LH3_2, rep2	LH3	-3.06499750602532	-3.06499750602532	0	3.09438069957872	3.09438069957873	8.88178419700125e-15	Delayed	Delayed	FALSE	40	40
GSE250130	endometrium, LH3_3, rep3	LH3	-2.42033615692956	-2.42033615692956	0	3.95278152555887	3.95278152555888	7.105427357601e-15	Delayed	Delayed	FALSE	40	40
GSE250130	endometrium, LH5_1, rep1	LH5	-1.99957533098041	-1.99957533098041	0	4.51304691302385	4.51304691302385	6.21724893790088e-15	Delayed	Delayed	FALSE	40	40
GSE250130	endometrium, LH5_2, rep2	LH5	-2.10485757720712	-2.10485757720712	0	4.37285801035609	4.37285801035609	5.32907051820075e-15	Delayed	Delayed	FALSE	40	40
GSE250130	endometrium, LH5_3, rep3	LH5	-1.36587364877385	-1.36587364877385	0	5.3568543604443	5.3568543604443	3.5527136788005e-15	Delayed	Delayed	FALSE	40	40
GSE250130	endometrium, LH7_1, rep1	Fertile_LH7	-0.396432049287375	-0.396432049287375	0	6.64771733975266	6.64771733975266	8.88178419700125e-16	In-phase	In-phase	FALSE	40	40
GSE250130	endometrium, LH7_2, rep2	Fertile_LH7	-0.578692127715454	-0.578692127715454	0	6.40502836501372	6.40502836501373	1.77635683940025e-15	Delayed	Delayed	FALSE	40	40
GSE250130	endometrium, LH7_3, rep3	Fertile_LH7	0.266508771199534	0.266508771199534	0	7.5304582527609	7.5304582527609	-8.88178419700125e-16	In-phase	In-phase	FALSE	40	40
GSE250130	endometrium, LH7_PGT_1, rep1	Fertile_LH7	-0.691049484838892	-0.691049484838892	0	6.25541857640923	6.25541857640923	1.77635683940025e-15	Delayed	Delayed	FALSE	40	40
GSE250130	endometrium, LH7_PGT_2, rep2	Fertile_LH7	0.5413381562259	0.5413381562259	0	7.8964081758347	7.8964081758347	-1.77635683940025e-15	In-phase	In-phase	FALSE	40	40
GSE250130	endometrium, LH7_PGT_3, rep3	Fertile_LH7	-0.0476281210540665	-0.0476281210540665	0	7.11216829608898	7.11216829608898	8.88178419700125e-16	In-phase	In-phase	FALSE	40	40
GSE250130	endometrium, LH9_1, rep1	LH9	1.60919683367508	1.60919683367508	0	9.31831872164016	9.31831872164016	-5.32907051820075e-15	Advanced	Advanced	FALSE	40	40
GSE250130	endometrium, LH9_2, rep2	LH9	1.74853793925048	1.74853793925048	0	9.50385880448626	9.50385880448626	-5.32907051820075e-15	Advanced	Advanced	FALSE	40	40
GSE250130	endometrium, LH9_3, rep3	LH9	0.920114366366082	0.920114366366082	0	8.40076881743672	8.40076881743671	-3.5527136788005e-15	In-phase	In-phase	FALSE	40	40
GSE250130	endometrium, RIF_1, rep1	RIF	-1.1756917731883	-1.1756917731883	0	5.61009162884588	5.61009162884588	3.5527136788005e-15	Delayed	Delayed	FALSE	40	40
GSE250130	endometrium, RIF_10, rep10	RIF	1.17952545390653	1.17952545390653	0	8.7461884585017	8.7461884585017	-1.77635683940025e-15	Advanced	Advanced	FALSE	40	40
GSE250130	endometrium, RIF_2, rep2	RIF	-1.58909343169433	-1.58909343169433	0	5.05962536369614	5.05962536369614	4.44089209850063e-15	Delayed	Delayed	FALSE	40	40
GSE250130	endometrium, RIF_3, rep3	RIF	0.585129099124057	0.585129099124057	0	7.9547181421557	7.9547181421557	-1.77635683940025e-15	In-phase	In-phase	FALSE	40	40
GSE250130	endometrium, RIF_4, rep4	RIF	0.257768442398515	0.257768442398515	0	7.5188200407405	7.5188200407405	-8.88178419700125e-16	In-phase	In-phase	FALSE	40	40
GSE250130	endometrium, RIF_5, rep5	RIF	0.664160293133673	0.664160293133673	0	8.059952374534	8.059952374534	-1.77635683940025e-15	In-phase	In-phase	FALSE	40	40
GSE250130	endometrium, RIF_6, rep6	RIF	-0.600011130612351	-0.600011130612351	0	6.37664098034821	6.37664098034822	1.77635683940025e-15	Delayed	Delayed	FALSE	40	40
GSE250130	endometrium, RIF_7, rep7	RIF	0.356269214417412	0.356269214417412	0	7.64997905031863	7.64997905031863	-8.88178419700125e-16	In-phase	In-phase	FALSE	40	40
GSE250130	endometrium, RIF_8, rep8	RIF	2.16809794534634	2.16809794534634	0	10.0625252365379	10.0625252365379	-7.105427357601e-15	Advanced	Advanced	FALSE	40	40
GSE250130	endometrium, RIF_9, rep9	RIF	0.527448570165497	0.527448570165497	0	7.87791345428284	7.87791345428284	-8.88178419700125e-16	In-phase	In-phase	FALSE	40	40
GSE263897	GSM8206910	eutopic endometrium	-0.0920418794120565	-0.0920418794120565	0	7.05302901790384	7.04146167601268	-0.0115673418911681	In-phase	In-phase	FALSE	27	37
GSE263897	GSM8206911	eutopic endometrium	0.318172793736465	0.318172793736465	0	7.59925164278089	7.5840725661058	-0.0151790766750866	In-phase	In-phase	FALSE	27	37
GSE263897	GSM8206912	eutopic endometrium	0.0817823604227706	0.0817823604227706	0	7.2844852255063	7.27138744822509	-0.0130977772812058	In-phase	In-phase	FALSE	27	37
GSE263897	GSM8206913	eutopic endometrium	-0.146122837554222	-0.146122837554222	0	6.98101734975568	6.96992616362016	-0.0110911861355225	In-phase	In-phase	FALSE	27	37
GSE263897	GSM8206914	eutopic endometrium	0.0301968041157736	0.0301968041157736	0	7.21579631743901	7.20315272514985	-0.0126435922891588	In-phase	In-phase	FALSE	27	37
GSE263897	GSM8206915	eutopic endometrium	0.0258667626704035	0.0258667626704035	0	7.21003063727461	7.19742516883213	-0.012605468442481	In-phase	In-phase	FALSE	27	37
GSE263897	GSM8206916	endometriotic lesion	0.0340081667204448	0.0340081667204448	0	7.22087134917862	7.20819419975025	-0.0126771494283702	In-phase	In-phase	FALSE	27	37
GSE263897	GSM8206917	endometriotic lesion	0.115496494422158	0.115496494422158	0	7.32937738557278	7.3159827722239	-0.0133946133488703	In-phase	In-phase	FALSE	27	37
GSE263897	GSM8206918	endometriotic lesion	-0.0580066966730848	-0.0580066966730848	0	7.09834867141882	7.0864816667866	-0.0118670046322196	In-phase	In-phase	FALSE	27	37
GSE263897	GSM8206919	endometriotic lesion	-0.125077714745069	-0.125077714745069	0	7.00904004853787	6.99776357063426	-0.0112764779036061	In-phase	In-phase	FALSE	27	37
GSE263897	GSM8206920	endometriotic lesion	0.064163193289896	0.064163193289896	0	7.26102436866858	7.24808171933126	-0.0129426493373206	In-phase	In-phase	FALSE	27	37
GSE263897	GSM8206921	endometriotic lesion	-0.105811136714924	-0.105811136714924	0	7.03469452048362	7.02324841000811	-0.011446110475509	In-phase	In-phase	FALSE	27	37
GSE263897	GSM8206922	eutopic endometrium	0.11585972616751	0.11585972616751	0	7.3298610479339	7.3164632365114	-0.0133978114225011	In-phase	In-phase	FALSE	27	37
GSE263897	GSM8206923	eutopic endometrium	0.286563916168806	0.286563916168806	0	7.55716274346896	7.54226196713285	-0.0149007763361064	In-phase	In-phase	FALSE	27	37
GSE263897	GSM8206924	eutopic endometrium	0.169162387354026	0.169162387354026	0	7.40083637234822	7.38696925768504	-0.0138671146631806	In-phase	In-phase	FALSE	27	37
GSE263897	GSM8206925	eutopic endometrium	0.164608285928299	0.164608285928299	0	7.39477234441957	7.380945326339	-0.0138270180805726	In-phase	In-phase	FALSE	27	37
GSE263897	GSM8206926	eutopic endometrium	0.362520706251939	0.362520706251939	0	7.65830324372947	7.64273370589171	-0.0155695378377674	In-phase	In-phase	FALSE	27	37
GSE263897	GSM8206927	eutopic endometrium	0.292428257229204	0.292428257229204	0	7.56497142506145	7.55001901613885	-0.0149524089226016	In-phase	In-phase	FALSE	27	37
GSE263897	GSM8206928	endometriotic lesion	0.128665215989356	0.128665215989356	0	7.34691223776492	7.33340168041683	-0.0135105573480914	In-phase	In-phase	FALSE	27	37
GSE263897	GSM8206929	endometriotic lesion	0.241141115423779	0.241141115423779	0	7.49667987175259	7.48217902043178	-0.0145008513208102	In-phase	In-phase	FALSE	27	37
GSE263897	GSM8206930	endometriotic lesion	0.324706236963599	0.324706236963599	0	7.60795126944617	7.59271466907506	-0.0152366003711091	In-phase	In-phase	FALSE	27	37
GSE263897	GSM8206931	endometriotic lesion	0.0204769856496863	0.0204769856496863	0	7.2028538629063	7.19029584875158	-0.0125580141547204	In-phase	In-phase	FALSE	27	37
GSE263897	GSM8206932	endometriotic lesion	0.336170742451245	0.336170742451245	0	7.62321686741299	7.60787932781187	-0.0153375396011279	In-phase	In-phase	FALSE	27	37
GSE263897	GSM8206933	endometriotic lesion	0.413986737620495	0.413986737620495	0	7.72683299799294	7.71081032752036	-0.0160226704725837	In-phase	In-phase	FALSE	27	37
GSE263897	GSM8206934	eutopic endometrium	-0.0205703657398841	-0.0205703657398841	0	7.14819713439834	7.13600052161833	-0.0121966127800119	In-phase	In-phase	FALSE	27	37
GSE263897	GSM8206935	eutopic endometrium	0.164142774954315	0.164142774954315	0	7.3941524918332	7.38032957234365	-0.0138229194895487	In-phase	In-phase	FALSE	27	37
GSE263897	GSM8206936	eutopic endometrium	-0.0841565311076912	-0.0841565311076912	0	7.06352877798269	7.05189200954825	-0.0116367684344345	In-phase	In-phase	FALSE	27	37
GSE263897	GSM8206937	eutopic endometrium	-0.225900563330758	-0.225900563330758	0	6.87478907067946	6.86440028747106	-0.0103887832083975	In-phase	In-phase	FALSE	27	37
GSE263897	GSM8206938	eutopic endometrium	0.1281693164197	0.1281693164197	0	7.3462519211494	7.3327457299487	-0.0135061912007002	In-phase	In-phase	FALSE	27	37
GSE263897	GSM8206939	eutopic endometrium	-0.104071707909609	-0.104071707909609	0	7.03701066232353	7.0255492370484	-0.0114614252751286	In-phase	In-phase	FALSE	27	37
GSE263897	GSM8206940	endometriotic lesion	0.0674964987400505	0.0674964987400505	0	7.26546284191608	7.25249084449341	-0.012971997422671	In-phase	In-phase	FALSE	27	37
GSE263897	GSM8206941	endometriotic lesion	0.0318865006897674	0.0318865006897674	0	7.21804623817151	7.20538776895012	-0.0126584692213854	In-phase	In-phase	FALSE	27	37
GSE263897	GSM8206942	endometriotic lesion	0.024238540996638	0.024238540996638	0	7.20786257363686	7.19527144087089	-0.0125911327659685	In-phase	In-phase	FALSE	27	37
GSE263897	GSM8206943	endometriotic lesion	0.0261215103259655	0.0261215103259655	0	7.21036984730831	7.19776213594029	-0.0126077113680241	In-phase	In-phase	FALSE	27	37
GSE263897	GSM8206944	endometriotic lesion	0.0197830581481265	0.0197830581481265	0	7.20192986158166	7.18937795711111	-0.0125519044705502	In-phase	In-phase	FALSE	27	37
GSE263897	GSM8206945	endometriotic lesion	0.102248707167469	0.102248707167469	0	7.31173725321835	7.29845928000248	-0.0132779732158621	In-phase	In-phase	FALSE	27	37
GSE263897	GSM8206946	eutopic endometrium	0.133899864457751	0.133899864457751	0	7.35388245022653	7.3403258044199	-0.013556645806629	In-phase	In-phase	FALSE	27	37
GSE263897	GSM8206947	eutopic endometrium	0.046962311789134	0.046962311789134	0	7.23812048136628	7.22532927717731	-0.0127912041889706	In-phase	In-phase	FALSE	27	37
GSE263897	GSM8206948	eutopic endometrium	0.0298828607942891	0.0298828607942891	0	7.2153782852321	7.20273745705668	-0.0126408281754182	In-phase	In-phase	FALSE	27	37
GSE263897	GSM8206949	eutopic endometrium	-0.173104755716196	-0.173104755716196	0	6.9450894926424	6.93423586878522	-0.010853623857181	In-phase	In-phase	FALSE	27	37
GSE263897	GSM8206950	eutopic endometrium	0.016246275933573	0.016246275933573	0	7.19722044821518	7.184699683341	-0.0125207648741785	In-phase	In-phase	FALSE	27	37
GSE263897	GSM8206951	eutopic endometrium	-0.0995969037935425	-0.0995969037935425	0	7.04296910167269	7.03146827798805	-0.0115008236846332	In-phase	In-phase	FALSE	27	37
GSE263897	GSM8206952	endometriotic lesion	-0.215905800837718	-0.215905800837718	0	6.88809762778706	6.87762084569974	-0.0104767820873164	In-phase	In-phase	FALSE	27	37
GSE263897	GSM8206953	endometriotic lesion	-0.0998645000851885	-0.0998645000851885	0	7.04261278299762	7.03111431536433	-0.0114984676332828	In-phase	In-phase	FALSE	27	37
GSE263897	GSM8206954	endometriotic lesion	-0.112060299334883	-0.112060299334883	0	7.02637342854569	7.01498233881781	-0.0113910897278808	In-phase	In-phase	FALSE	27	37
GSE263897	GSM8206955	endometriotic lesion	-0.185595542472558	-0.185595542472558	0	6.92845734665778	6.91771369792328	-0.0107436487344961	In-phase	In-phase	FALSE	27	37
GSE263897	GSM8206956	endometriotic lesion	-0.17187989197155	-0.17187989197155	0	6.94672046377413	6.93585605560502	-0.0108644081691072	In-phase	In-phase	FALSE	27	37
GSE263897	GSM8206957	endometriotic lesion	-0.0926024105959073	-0.0926024105959073	0	7.05228264086126	7.04072023416648	-0.011562406694777	In-phase	In-phase	FALSE	27	37
GSE263897	GSM8206958	eutopic endometrium	-0.020147433797496	-0.020147433797496	0	7.14876029074266	7.13655995425867	-0.0122003364839829	In-phase	In-phase	FALSE	27	37
GSE263897	GSM8206959	eutopic endometrium	-0.226407285626983	-0.226407285626983	0	6.87411434302868	6.86373002125636	-0.0103843217723183	In-phase	In-phase	FALSE	27	37
GSE263897	GSM8206960	eutopic endometrium	-0.202766349716322	-0.202766349716322	0	6.90559350482599	6.89500103645107	-0.0105924683749192	In-phase	In-phase	FALSE	27	37
GSE263897	GSM8206961	eutopic endometrium	-0.0627338209076284	-0.0627338209076284	0	7.09205425443053	7.08022886976011	-0.0118253846704199	In-phase	In-phase	FALSE	27	37
GSE263897	GSM8206962	eutopic endometrium	-0.189785713280492	-0.189785713280492	0	6.92287791167603	6.91217115529728	-0.0107067563787417	In-phase	In-phase	FALSE	27	37
GSE263897	GSM8206963	eutopic endometrium	-0.251747001828713	-0.251747001828713	0	6.84037316504713	6.83021194678722	-0.0101612182599107	In-phase	In-phase	FALSE	27	37
GSE263897	GSM8206964	endometriotic lesion	-0.100166802883871	-0.100166802883871	0	7.04221025076508	7.03071444475656	-0.0114958060085177	In-phase	In-phase	FALSE	27	37
GSE263897	GSM8206965	endometriotic lesion	-0.258039468183409	-0.258039468183409	0	6.83199441188642	6.82188859564184	-0.0101058162445824	In-phase	In-phase	FALSE	27	37
GSE263897	GSM8206966	endometriotic lesion	-0.297406818284893	-0.297406818284893	0	6.77957469432283	6.76981548788287	-0.00975920643996186	In-phase	In-phase	FALSE	27	37
GSE263897	GSM8206967	endometriotic lesion	-0.111665220396652	-0.111665220396652	0	7.02689949713562	7.01550492893552	-0.0113945682000978	In-phase	In-phase	FALSE	27	37
GSE263897	GSM8206968	endometriotic lesion	-0.185688358165996	-0.185688358165996	0	6.92833375763228	6.91759092609349	-0.010742831538793	In-phase	In-phase	FALSE	27	37
GSE263897	GSM8206969	endometriotic lesion	-0.298131297925341	-0.298131297925341	0	6.77861001120256	6.76885718344305	-0.00975282775950781	In-phase	In-phase	FALSE	27	37
GSE58144	GSM1402321	Control	0.417704360080695	0.417704360080695	0	7.7317832097514	7.72620563982665	-0.00557756992474978	In-phase	In-phase	FALSE	6	20
GSE58144	GSM1402322	RIF	-0.654085404541282	-0.654085404541282	0	6.30463821258498	6.3229800904797	0.0183418778947129	Delayed	Delayed	FALSE	6	20
GSE58144	GSM1402323	Control	-0.16060997359022	-0.16060997359022	0	6.96172695867386	6.96905580004738	0.0073288413735213	In-phase	In-phase	FALSE	6	20
GSE58144	GSM1402324	RIF	-0.207779367689261	-0.207779367689261	0	6.89891840514046	6.90729993977349	0.00838153463303026	In-phase	In-phase	FALSE	6	20
GSE58144	GSM1402325	Control	-0.00253501032984235	-0.00253501032984235	0	7.17221216803195	7.17601320389727	0.00380103586531799	In-phase	In-phase	FALSE	6	20
GSE58144	GSM1402326	RIF	0.685587430424085	0.685587430424085	0	8.08848374588778	8.07692775059054	-0.0115559952972433	In-phase	In-phase	FALSE	6	20
GSE58144	GSM1402327	Control	-0.0561263773178519	-0.0561263773178519	0	7.10085241650902	7.10584946669408	0.0049970501850618	In-phase	In-phase	FALSE	6	20
GSE58144	GSM1402328	RIF	-0.639206412936137	-0.639206412936137	0	6.3244503801696	6.34246019922679	0.0180098190571938	Delayed	Delayed	FALSE	6	20
GSE58144	GSM1402329	Control	-0.415215011066735	-0.415215011066735	0	6.62270682853096	6.6357177655071	0.0130109369761415	In-phase	In-phase	FALSE	6	20
GSE58144	GSM1402330	RIF	0.969415878010685	0.969415878010685	0	8.46641639872441	8.44852612037482	-0.0178902783495936	In-phase	In-phase	FALSE	6	20
GSE58144	GSM1402331	Control	0.458955557106825	0.458955557106825	0	7.78671136955122	7.78021318451395	-0.0064981850372714	In-phase	In-phase	FALSE	6	20
GSE58144	GSM1402332	RIF	1.0888273980028	1.0888273980028	0	8.62541917985368	8.6048639594457	-0.0205552204079851	Advanced	Advanced	FALSE	6	20
GSE58144	GSM1402333	Control	0.27109868038189	0.27109868038189	0	7.53656996061935	7.53426423282385	-0.00230572779549654	In-phase	In-phase	FALSE	6	20
GSE58144	GSM1402334	RIF	-0.146603165525879	-0.146603165525879	0	6.98037776754993	6.98739401486288	0.00701624731294093	In-phase	In-phase	FALSE	6	20
GSE58144	GSM1402335	Control	0.660170289986651	0.660170289986651	0	8.05463947342419	8.04365071993544	-0.0109887534887481	In-phase	In-phase	FALSE	6	20
GSE58144	GSM1402336	RIF	0.151886714203563	0.151886714203563	0	7.37783289599196	7.37818765675363	0.000354760761663186	In-phase	In-phase	FALSE	6	20
GSE58144	GSM1402337	Control	-0.373200146984171	-0.373200146984171	0	6.67865185157679	6.69072513045781	0.0120732788810214	In-phase	In-phase	FALSE	6	20
GSE58144	GSM1402338	RIF	0.219382972782726	0.219382972782726	0	7.46770774919387	7.46655617607515	-0.00115157311871616	In-phase	In-phase	FALSE	6	20
GSE58144	GSM1402339	Control	0.567183074082165	0.567183074082165	0	7.93082205665185	7.92190852624521	-0.00891353040664544	In-phase	In-phase	FALSE	6	20
GSE58144	GSM1402340	RIF	0.144113121548418	0.144113121548418	0	7.36748194449569	7.36801019081397	0.000528246318273418	In-phase	In-phase	FALSE	6	20
GSE58144	GSM1402341	Control	-0.21516038530485	-0.21516038530485	0	6.88909018816005	6.89763644713692	0.00854625897686834	In-phase	In-phase	FALSE	6	20
GSE58144	GSM1402342	RIF	-0.636622086278461	-0.636622086278461	0	6.32789154837468	6.34584369225277	0.0179521438780883	Delayed	Delayed	FALSE	6	20
GSE58144	GSM1402343	Control	0.808024709072912	0.808024709072912	0	8.25151548537447	8.2372270212718	-0.0142884641026644	In-phase	In-phase	FALSE	6	20
GSE58144	GSM1402344	RIF	-0.0756555943288577	-0.0756555943288577	0	7.0748482268108	7.08028111628326	0.00543288947245646	In-phase	In-phase	FALSE	6	20
GSE58144	GSM1402345	Control	-0.375811385234693	-0.375811385234693	0	6.67517484915649	6.68730640381056	0.0121315546540695	In-phase	In-phase	FALSE	6	20
GSE58144	GSM1402346	RIF	0.641000100582197	0.641000100582197	0	8.029113348053	8.01855242132681	-0.0105609267261819	In-phase	In-phase	FALSE	6	20
GSE58144	GSM1402347	Control	0.476854821365338	0.476854821365338	0	7.81054519058841	7.80364754239935	-0.00689764818906724	In-phase	In-phase	FALSE	6	20
GSE58144	GSM1402348	RIF	0.712742312120525	0.712742312120525	0	8.12464191313375	8.11247989434457	-0.0121620187891853	In-phase	In-phase	FALSE	6	20
GSE58144	GSM1402349	Control	0.16761446847738	0.16761446847738	0	7.39877523614993	7.39877899598764	3.75983770606325e-06	In-phase	In-phase	FALSE	6	20
GSE58144	GSM1402350	RIF	0.716118452024333	0.716118452024333	0	8.12913742273134	8.11690005763365	-0.0122373650976932	In-phase	In-phase	FALSE	6	20
GSE58144	GSM1402351	Control	0.395649863529783	0.395649863529783	0	7.70241647622156	7.6973311029914	-0.00508537323016789	In-phase	In-phase	FALSE	6	20
GSE58144	GSM1402352	RIF	0.768164225169889	0.768164225169889	0	8.19843913396249	8.18504024801802	-0.0133988859444756	In-phase	In-phase	FALSE	6	20
GSE58144	GSM1402353	Control	0.655635296363216	0.655635296363216	0	8.04860088854915	8.03771334384865	-0.0108875447004966	In-phase	In-phase	FALSE	6	20
GSE58144	GSM1402354	RIF	-0.714958253900125	-0.714958253900125	0	6.22358278054661	6.24328317574754	0.0197003952009256	Delayed	Delayed	FALSE	6	20
GSE58144	GSM1402355	Control	-0.0832568508510997	-0.0832568508510997	0	7.06472675002872	7.07032927898156	0.00560252895283586	In-phase	In-phase	FALSE	6	20
GSE58144	GSM1402356	RIF	-0.0283106473060057	-0.0283106473060057	0	7.13789053838634	7.14226681673299	0.00437627834664678	In-phase	In-phase	FALSE	6	20
GSE58144	GSM1402357	RIF	-0.870940392121066	-0.870940392121066	0	6.01588427888398	6.03906577340036	0.0231814945163871	Delayed	Delayed	FALSE	6	20
GSE58144	GSM1402358	Control	-0.489962473399021	-0.489962473399021	0	6.52317661240128	6.53785571050744	0.0146790981061606	In-phase	In-phase	FALSE	6	20
GSE58144	GSM1402359	RIF	-0.613528109420194	-0.613528109420194	0	6.35864240514329	6.37607915393865	0.0174367487953599	Delayed	Delayed	FALSE	6	20
GSE58144	GSM1402360	Control	0.439818584628629	0.439818584628629	0	7.76122947428158	7.75515837469495	-0.00607109958663177	In-phase	In-phase	FALSE	6	20
GSE58144	GSM1402361	RIF	-0.375743322905076	-0.375743322905076	0	6.67526547776334	6.68739551345036	0.0121300356870142	In-phase	In-phase	FALSE	6	20
GSE58144	GSM1402362	Control	0.00538885493925623	0.00538885493925623	0	7.18276321549507	7.1863874121256	0.00362419663052638	In-phase	In-phase	FALSE	6	20
GSE58144	GSM1402363	RIF	0.64407888285847	0.64407888285847	0	8.03321291017608	8.02258327335913	-0.0106296368169438	In-phase	In-phase	FALSE	6	20
GSE58144	GSM1402364	Control	0.246703471821303	0.246703471821303	0	7.50408644472726	7.50232515198561	-0.00176129274165415	In-phase	In-phase	FALSE	6	20
GSE58144	GSM1402365	RIF	-0.768321018214908	-0.768321018214908	0	6.15252742562477	6.17341873335226	0.0208913077274877	Delayed	Delayed	FALSE	6	20
GSE58144	GSM1402366	Control	-0.0979968938632859	-0.0979968938632859	0	7.04509959987556	7.05103108670924	0.00593148683368572	In-phase	In-phase	FALSE	6	20
GSE58144	GSM1402367	RIF	-0.512457782293321	-0.512457782293321	0	6.49322291382352	6.50840404636315	0.0151811325396292	Delayed	In-phase	TRUE	6	20
GSE58144	GSM1402368	Control	-0.362860106508353	-0.362860106508353	0	6.69242016465707	6.70426268180965	0.0118425171525773	In-phase	In-phase	FALSE	6	20
GSE58144	GSM1402369	RIF	0.299285652246135	0.299285652246135	0	7.57410241074077	7.57116762599311	-0.00293478474766218	In-phase	In-phase	FALSE	6	20
GSE58144	GSM1402370	Control	-0.466585159586694	-0.466585159586694	0	6.55430474737299	6.56846212708217	0.014157379709185	In-phase	In-phase	FALSE	6	20
GSE58144	GSM1402371	RIF	-0.610971510121668	-0.610971510121668	0	6.36204665289698	6.37942634531288	0.0173796924158962	Delayed	Delayed	FALSE	6	20
GSE58144	GSM1402372	Control	0.409528428381735	0.409528428381735	0	7.72089652244901	7.7155014171998	-0.00539510524921027	In-phase	In-phase	FALSE	6	20
GSE58144	GSM1402373	RIF	0.637587211463771	0.637587211463771	0	8.0245689049243	8.01408414464967	-0.010484760274629	In-phase	In-phase	FALSE	6	20
GSE58144	GSM1402374	Control	-0.0800735315831937	-0.0800735315831937	0	7.06896550870839	7.07449699458764	0.00553148587924568	In-phase	In-phase	FALSE	6	20
GSE58144	GSM1402375	RIF	0.0701963044110957	0.0701963044110957	0	7.26905777656085	7.27123564625571	0.0021778696948509	In-phase	In-phase	FALSE	6	20
GSE58144	GSM1402376	Control	-0.365732493159639	-0.365732493159639	0	6.68859542927088	6.70050205032227	0.0119066210513932	In-phase	In-phase	FALSE	6	20
GSE58144	GSM1402377	RIF	0.102795604456409	0.102795604456409	0	7.31246547600572	7.31391581752096	0.00145034151523671	In-phase	In-phase	FALSE	6	20
GSE58144	GSM1402378	Control	0.0085244283843402	0.0085244283843402	0	7.18693839807575	7.19049261719028	0.00355421911452503	In-phase	In-phase	FALSE	6	20
GSE58144	GSM1402379	RIF	-0.0624324247896776	-0.0624324247896776	0	7.09245557936952	7.09759336347315	0.00513778410362331	In-phase	In-phase	FALSE	6	20
GSE58144	GSM1402380	Control	-0.0906232887468459	-0.0906232887468459	0	7.05491794671965	7.06068487463642	0.00576692791677313	In-phase	In-phase	FALSE	6	20
GSE58144	GSM1402381	RIF	0.38358180249679	0.38358180249679	0	7.68634721198969	7.68153116523164	-0.00481604675804714	In-phase	In-phase	FALSE	6	20
GSE58144	GSM1402382	Control	-0.557672005813859	-0.557672005813859	0	6.43301777375964	6.44920796544118	0.016190191681539	Delayed	Delayed	FALSE	6	20
GSE58144	GSM1402383	RIF	0.192487579966542	0.192487579966542	0	7.43189510517409	7.43134376445756	-0.000551340716536508	In-phase	In-phase	FALSE	6	20
GSE58144	GSM1402384	Control	0.0766132802771974	0.0766132802771974	0	7.27760232074903	7.27963698090367	0.00203466015464571	In-phase	In-phase	FALSE	6	20
GSE58144	GSM1402385	RIF	-0.0152675607605612	-0.0152675607605612	0	7.15525810087422	7.15934329281724	0.0040851919430196	In-phase	In-phase	FALSE	6	20
GSE58144	GSM1402386	Control	0.0364280567763106	0.0364280567763106	0	7.22409356131473	7.2270250469368	0.00293148562207524	In-phase	In-phase	FALSE	6	20
GSE58144	GSM1402387	RIF	0.457101275865605	0.457101275865605	0	7.78424229559278	7.77778549309606	-0.0064568024967242	In-phase	In-phase	FALSE	6	20
GSE58144	GSM1402388	Control	0.173103972692647	0.173103972692647	0	7.40608480257456	7.40596605153003	-0.000118751044526633	In-phase	In-phase	FALSE	6	20
GSE58144	GSM1402389	RIF	0.362549562466732	0.362549562466732	0	7.6583416673121	7.6539950032488	-0.00434666406329498	In-phase	In-phase	FALSE	6	20
GSE58144	GSM1402390	Control	-0.193010937050239	-0.193010937050239	0	6.91858335492649	6.92663529814364	0.00805194321715152	In-phase	In-phase	FALSE	6	20
GSE58144	GSM1402391	RIF	0.409699227933753	0.409699227933753	0	7.72112395112413	7.71572503409102	-0.00539891703311302	In-phase	In-phase	FALSE	6	20
GSE58144	GSM1402392	Control	-0.32513179194372	-0.32513179194372	0	6.74265741934986	6.7536579425953	0.01100052324544	In-phase	In-phase	FALSE	6	20
GSE58144	GSM1402393	RIF	-0.114437109390746	-0.114437109390746	0	7.02320857971768	7.02950696768293	0.00629838796525917	In-phase	In-phase	FALSE	6	20
GSE58144	GSM1402394	Control	0.268352030031712	0.268352030031712	0	7.53291264979627	7.53066821980552	-0.0022444299907427	In-phase	In-phase	FALSE	6	20
GSE58144	GSM1402395	Control	-0.392570893312681	-0.392570893312681	0	6.65285867400911	6.66536425554063	0.0125055815315251	In-phase	In-phase	FALSE	6	20
GSE58144	GSM1402396	Control	-0.37369660990634	-0.37369660990634	0	6.67799078482747	6.69007514341773	0.0120843585902639	In-phase	In-phase	FALSE	6	20
GSE58144	GSM1402397	Control	-0.605605969600913	-0.605605969600913	0	6.36919115507833	6.38645110314628	0.0172599480679416	Delayed	Delayed	FALSE	6	20
GSE58144	GSM1402398	Control	-1.08204424707517	-1.08204424707517	0	5.73478828373184	5.76268104514938	0.0278927614175437	Delayed	Delayed	FALSE	6	20
GSE58144	GSM1402399	Control	0.484866031807951	0.484866031807951	0	7.8212125427892	7.81413610605738	-0.00707643673181924	In-phase	In-phase	FALSE	6	20
GSE58144	GSM1402400	Control	-0.288241558887416	-0.288241558887416	0	6.79177872400159	6.80195595705173	0.010177233050138	In-phase	In-phase	FALSE	6	20
GSE58144	GSM1402401	RIF	-0.974958793166031	-0.974958793166031	0	5.87737825320185	5.90288115700781	0.0255029038059567	Delayed	Delayed	FALSE	6	20
GSE58144	GSM1402402	Control	0.847479521078445	0.847479521078445	0	8.30405166310863	8.28888267434699	-0.0151689887616442	In-phase	In-phase	FALSE	6	20
GSE58144	GSM1402403	Control	0.714765416365333	0.714765416365333	0	8.1273357838881	8.11512861488568	-0.012207169002421	In-phase	In-phase	FALSE	6	20
GSE58144	GSM1402404	Control	-0.251581561326995	-0.251581561326995	0	6.84059345786215	6.84995253895035	0.00935908108820183	In-phase	In-phase	FALSE	6	20
GSE58144	GSM1402405	Control	-1.01879857070962	-1.01879857070962	0	5.81900326095672	5.84548454998894	0.0264812890322235	Delayed	Delayed	FALSE	6	20
GSE58144	GSM1402406	Control	-0.191661605084133	-0.191661605084133	0	6.92038006210593	6.92840189188422	0.00802182977828547	In-phase	In-phase	FALSE	6	20
GSE58144	GSM1402407	Control	-0.265496669279608	-0.265496669279608	0	6.82206475255528	6.83173438120566	0.0096696286503839	In-phase	In-phase	FALSE	6	20
GSE58144	GSM1402408	Control	0.554745076955973	0.554745076955973	0	7.9142602028636	7.90562425490182	-0.00863594796178546	In-phase	In-phase	FALSE	6	20
GSE58144	GSM1402409	Control	-0.467866217091513	-0.467866217091513	0	6.55259895126499	6.56678492071178	0.0141859694467925	In-phase	In-phase	FALSE	6	20
GSE58144	GSM1402410	Control	-0.338490045742865	-0.338490045742865	0	6.72487019492432	6.7361688382538	0.0112986433294848	In-phase	In-phase	FALSE	6	20
GSE58144	GSM1402411	Control	-0.166392825429431	-0.166392825429431	0	6.95402678430749	6.96148468328856	0.00745789898106874	In-phase	In-phase	FALSE	6	20
GSE58144	GSM1402412	Control	-0.208187183524208	-0.208187183524208	0	6.89837537669605	6.90676601267517	0.00839063597912038	In-phase	In-phase	FALSE	6	20
GSE58144	GSM1402413	RIF	-0.465146532295599	-0.465146532295599	0	6.55622035602036	6.57034562946061	0.0141252734402535	In-phase	In-phase	FALSE	6	20
GSE58144	GSM1402414	Control	-0.949678490780772	-0.949678490780772	0	5.91104031853115	5.93597903438372	0.024938715852568	Delayed	Delayed	FALSE	6	20
GSE58144	GSM1402415	Control	-0.0908220082433344	-0.0908220082433344	0	7.05465334115556	7.06042470395386	0.00577136279829915	In-phase	In-phase	FALSE	6	20
GSE58144	GSM1402416	Control	-0.0929656514205684	-0.0929656514205684	0	7.05179896641055	7.05761816952494	0.0058192031143891	In-phase	In-phase	FALSE	6	20
GSE58144	GSM1402417	Control	0.238590062476514	0.238590062476514	0	7.49328300926018	7.49170278586427	-0.00158022339590502	In-phase	In-phase	FALSE	6	20
GSE58144	GSM1402418	Control	0.596147609215659	0.596147609215659	0	7.96938987356471	7.95982993309743	-0.00955994046728303	In-phase	In-phase	FALSE	6	20
GSE58144	GSM1402419	Control	0.509269010387155	0.509269010387155	0	7.85370640487376	7.84608535968231	-0.00762104519145446	In-phase	In-phase	FALSE	6	20
GSE58144	GSM1402420	Control	0.938164365558416	0.938164365558416	0	8.42480335004422	8.40761052090161	-0.0171928291426173	In-phase	In-phase	FALSE	6	20
GSE58144	GSM1402421	Control	0.178500047994811	0.178500047994811	0	7.41326996343914	7.41303078659295	-0.000239176846190681	In-phase	In-phase	FALSE	6	20
GSE58144	GSM1402422	Control	0.769947433568385	0.769947433568385	0	8.20081357065598	8.18737488832452	-0.0134386823314614	In-phase	In-phase	FALSE	6	20
GSE58144	GSM1402423	Control	-0.810715294721316	-0.810715294721316	0	6.096077194785	6.11791462806641	0.0218374332814086	Delayed	Delayed	FALSE	6	20
GSE58144	GSM1402424	Control	0.410965190367445	0.410965190367445	0	7.72280964734319	7.71738247745361	-0.00542716988957181	In-phase	In-phase	FALSE	6	20
GSE58144	GSM1402425	RIF	-0.377260517013143	-0.377260517013143	0	6.67324525322628	6.68540914858102	0.0121638953547381	In-phase	In-phase	FALSE	6	20
GSE58144	GSM1402426	Control	-0.502012009499448	-0.502012009499448	0	6.50713201510102	6.52208002625292	0.0149480111519056	In-phase	In-phase	FALSE	6	20
GSE58144	GSM1402427	Control	-0.431929936457314	-0.431929936457314	0	6.60045001759977	6.6138339864884	0.0133839688886335	In-phase	In-phase	FALSE	6	20
GSE58144	GSM1402428	Control	0.809265210090855	0.809265210090855	0	8.25316727836613	8.23885112963692	-0.0143161487292094	In-phase	In-phase	FALSE	6	20
GSE58144	GSM1402429	Control	-0.114122830890845	-0.114122830890845	0	7.02362705823245	7.02991843235187	0.0062913741194226	In-phase	In-phase	FALSE	6	20
GSE58144	GSM1402430	Control	0.186032363712638	0.186032363712638	0	7.42329964187851	7.42289236412418	-0.000407277754334245	In-phase	In-phase	FALSE	6	20
GSE58144	GSM1402431	RIF	-1.05213989041771	-1.05213989041771	0	5.77460752292025	5.80183290000342	0.0272253770831776	Delayed	Delayed	FALSE	6	20
GSE58144	GSM1402432	Control	-0.500261941563582	-0.500261941563582	0	6.50946232350833	6.52437127787872	0.0149089543703846	In-phase	In-phase	FALSE	6	20
GSE58144	GSM1402433	RIF	0.110559026969868	0.110559026969868	0	7.32280288541817	7.32407996834685	0.00127708292867368	In-phase	In-phase	FALSE	6	20
GSE58144	GSM1402434	Control	-0.400922905582235	-0.400922905582235	0	6.64173752607487	6.65442950192388	0.0126919758490143	In-phase	In-phase	FALSE	6	20
GSE58144	GSM1402435	RIF	0.62320443991642	0.62320443991642	0	8.00541748070219	7.99525370497591	-0.0101637757262774	In-phase	In-phase	FALSE	6	20
GSE78851	GSM2079476	Adenomyosis	-0.554211136548486	-0.554211136548486	0	6.43762610500235	6.43656037046056	-0.00106573454178616	Delayed	Delayed	FALSE	28	37
GSE78851	GSM2079477	Adenomyosis	0.427973559329459	0.427973559329459	0	7.7454571939753	7.73393782838766	-0.0115193655876382	In-phase	In-phase	FALSE	28	37
GSE78851	GSM2079478	Adenomyosis	0.403923035071769	0.403923035071769	0	7.71343264353961	7.70216925354201	-0.0112633899976053	In-phase	In-phase	FALSE	28	37
GSE78851	GSM2079479	Control	-0.03929118143139	-0.03929118143139	0	7.12326937399336	7.11672322089941	-0.00654615309395012	In-phase	In-phase	FALSE	28	37
GSE78851	GSM2079480	Control	-0.218537807115032	-0.218537807115032	0	6.88459297163604	6.87995458405602	-0.00463838758001511	In-phase	In-phase	FALSE	28	37
GSE78851	GSM2079481	Control	-0.150196768430323	-0.150196768430323	0	6.97559269441697	6.97022693650966	-0.0053657579073052	In-phase	In-phase	FALSE	28	37
GSE78851	GSM2079482	Control	-0.0143231800084159	-0.0143231800084159	0	7.15651559400425	7.14970370038723	-0.00681189361701318	In-phase	In-phase	FALSE	28	37
GSE78851	GSM2079483	Control	0.144663479132419	0.144663479132419	0	7.36821477484973	7.35971074747941	-0.00850402737031519	In-phase	In-phase	FALSE	28	37