"mode","iteration","rho","mae","pairwise_concordance","mode_label"
"random",1,0.836553603086089,1.23872694535397,0.904761904761905,"Random 80-gene sets"
"random",2,0.658428121060154,1.50411848816367,0.793650793650794,"Random 80-gene sets"
"random",3,0.852457663981262,1.20269276607408,0.904761904761905,"Random 80-gene sets"
"random",4,0.715682740282776,1.44413142455571,0.80952380952381,"Random 80-gene sets"
"random",5,0.858819288339331,1.14332880394281,0.904761904761905,"Random 80-gene sets"
"random",6,0.757033298610225,1.50079243111712,0.849206349206349,"Random 80-gene sets"
"random",7,0.79520304475864,1.30309586996531,0.873015873015873,"Random 80-gene sets"
"random",8,0.645704872344016,1.71688206792293,0.785714285714286,"Random 80-gene sets"
"random",9,0.712501928103741,1.67074255747587,0.825396825396825,"Random 80-gene sets"
"random",10,0.687055430671465,1.49110844066902,0.80952380952381,"Random 80-gene sets"
"random",11,0.776118171684433,1.28719913621723,0.857142857142857,"Random 80-gene sets"
"random",12,0.71886355246181,1.58512165971165,0.817460317460317,"Random 80-gene sets"
"random",13,0.798383856937674,1.49882166430311,0.865079365079365,"Random 80-gene sets"
"random",14,0.61389675055367,1.7654003984128,0.793650793650794,"Random 80-gene sets"
"random",15,0.83019197872802,1.30333386859511,0.888888888888889,"Random 80-gene sets"
"random",16,0.769756547326363,1.30806874853591,0.857142857142857,"Random 80-gene sets"
"random",17,0.72522517681988,1.49591240722058,0.817460317460317,"Random 80-gene sets"
"random",18,0.750671674252156,1.41317443204465,0.825396825396825,"Random 80-gene sets"
"random",19,0.722044364640845,1.39297765826184,0.817460317460317,"Random 80-gene sets"
"random",20,0.617077562732705,1.63544072479292,0.76984126984127,"Random 80-gene sets"
"random",21,0.820649542190916,1.0182391428922,0.888888888888889,"Random 80-gene sets"
"random",22,0.776118171684433,1.14956049707345,0.865079365079365,"Random 80-gene sets"
"random",23,0.804745481295744,1.4131063271054,0.865079365079365,"Random 80-gene sets"
"random",24,0.798383856937674,1.23069327287565,0.865079365079365,"Random 80-gene sets"
"random",25,0.769756547326363,1.34870495218892,0.857142857142857,"Random 80-gene sets"
"random",26,0.766575735147329,1.34759214270425,0.849206349206349,"Random 80-gene sets"
"random",27,0.779298983863467,1.35903697123841,0.865079365079365,"Random 80-gene sets"
"random",28,0.801564669116709,1.32258291940468,0.865079365079365,"Random 80-gene sets"
"random",29,0.823830354369951,1.27354383303662,0.888888888888889,"Random 80-gene sets"
"random",30,0.820649542190916,1.29566319252533,0.888888888888889,"Random 80-gene sets"
"random",31,0.750671674252156,1.40249692003598,0.849206349206349,"Random 80-gene sets"
"random",32,0.731586801177949,1.4356322111908,0.841269841269841,"Random 80-gene sets"
"random",33,0.868361724876435,1.09484924822565,0.912698412698413,"Random 80-gene sets"
"random",34,0.744310049894087,1.45839765585462,0.841269841269841,"Random 80-gene sets"
"random",35,0.772937359505398,1.30983072753537,0.865079365079365,"Random 80-gene sets"
"random",36,0.849276851802227,1.25904864660395,0.896825396825397,"Random 80-gene sets"
"random",37,0.709321115924707,1.63423401661165,0.817460317460317,"Random 80-gene sets"
"random",38,0.750671674252156,1.33605679486271,0.841269841269841,"Random 80-gene sets"
"random",39,0.76021411078926,1.44911058453276,0.849206349206349,"Random 80-gene sets"
"random",40,0.728405988998914,1.52484092142701,0.833333333333333,"Random 80-gene sets"
"random",41,0.68387461849243,1.68461153616871,0.793650793650794,"Random 80-gene sets"
"random",42,0.807926293474778,1.41798119824263,0.888888888888889,"Random 80-gene sets"
"random",43,0.680693806313396,1.37692952006413,0.793650793650794,"Random 80-gene sets"
"random",44,0.782479796042502,1.38180529431651,0.849206349206349,"Random 80-gene sets"
"random",45,0.79520304475864,1.48037806578107,0.873015873015873,"Random 80-gene sets"
"random",46,0.677512994134361,1.66965865036825,0.801587301587302,"Random 80-gene sets"
"random",47,0.776118171684433,1.46714598277832,0.857142857142857,"Random 80-gene sets"
"random",48,0.680693806313396,1.61000927547485,0.801587301587302,"Random 80-gene sets"
"random",49,0.814287917832847,1.11913505475421,0.880952380952381,"Random 80-gene sets"
"random",50,0.776118171684433,1.33970674030493,0.865079365079365,"Random 80-gene sets"
"random",51,0.747490862073121,1.6127377797988,0.833333333333333,"Random 80-gene sets"
"random",52,0.741129237715052,1.26753595656234,0.833333333333333,"Random 80-gene sets"
"random",53,0.728405988998914,1.55935030971631,0.817460317460317,"Random 80-gene sets"
"random",54,0.811107105653813,1.27201491263408,0.880952380952381,"Random 80-gene sets"
"random",55,0.731586801177949,1.52333932060936,0.825396825396825,"Random 80-gene sets"
"random",56,0.71886355246181,1.49772896180343,0.825396825396825,"Random 80-gene sets"
"random",57,0.677512994134361,1.6404808662213,0.793650793650794,"Random 80-gene sets"
"random",58,0.766575735147329,1.37176189617127,0.841269841269841,"Random 80-gene sets"
"random",59,0.72522517681988,1.46004198416317,0.833333333333333,"Random 80-gene sets"
"random",60,0.852457663981262,1.19624907744453,0.904761904761905,"Random 80-gene sets"
"random",61,0.706140303745672,1.57359952639276,0.817460317460317,"Random 80-gene sets"
"random",62,0.741129237715052,1.47352824665804,0.833333333333333,"Random 80-gene sets"
"random",63,0.696597867208569,1.48880808744512,0.817460317460317,"Random 80-gene sets"
"random",64,0.696597867208569,1.49601750295194,0.80952380952381,"Random 80-gene sets"
"random",65,0.772937359505398,1.56051471069028,0.833333333333333,"Random 80-gene sets"
"random",66,0.833372790907055,1.28824828397988,0.896825396825397,"Random 80-gene sets"
"random",67,0.8651809126974,1.23095336428704,0.912698412698413,"Random 80-gene sets"
"random",68,0.72522517681988,1.3511378202525,0.833333333333333,"Random 80-gene sets"
"random",69,0.734767613356983,1.53642477762055,0.825396825396825,"Random 80-gene sets"
"random",70,0.744310049894087,1.54986174481958,0.841269841269841,"Random 80-gene sets"
"random",71,0.737948425536018,1.40230411435585,0.841269841269841,"Random 80-gene sets"
"random",72,0.817468730011882,1.2642083840396,0.873015873015873,"Random 80-gene sets"
"random",73,0.747490862073121,1.58639534869457,0.841269841269841,"Random 80-gene sets"
"random",74,0.75385248643119,1.54520198131888,0.833333333333333,"Random 80-gene sets"
"random",75,0.804745481295744,1.50536000826515,0.873015873015873,"Random 80-gene sets"
"random",76,0.792022232579605,1.14721919075471,0.873015873015873,"Random 80-gene sets"
"random",77,0.782479796042502,1.361108925434,0.857142857142857,"Random 80-gene sets"
"random",78,0.712501928103741,1.46304237801176,0.825396825396825,"Random 80-gene sets"
"random",79,0.827011166548985,1.27739711354198,0.888888888888889,"Random 80-gene sets"
"random",80,0.833372790907055,1.34776537544937,0.888888888888889,"Random 80-gene sets"
"random",81,0.75385248643119,1.42252355432425,0.833333333333333,"Random 80-gene sets"
"random",82,0.814287917832847,1.35824860977757,0.880952380952381,"Random 80-gene sets"
"random",83,0.785660608221536,1.24401221701495,0.865079365079365,"Random 80-gene sets"
"random",84,0.801564669116709,1.26448340938472,0.873015873015873,"Random 80-gene sets"
"random",85,0.722044364640845,1.47606313660929,0.817460317460317,"Random 80-gene sets"
"random",86,0.763394922968294,1.33333945791061,0.849206349206349,"Random 80-gene sets"
"random",87,0.696597867208569,1.64697409337319,0.817460317460317,"Random 80-gene sets"
"random",88,0.769756547326363,1.40371204946984,0.857142857142857,"Random 80-gene sets"
"random",89,0.785660608221536,1.45105509988915,0.857142857142857,"Random 80-gene sets"
"random",90,0.734767613356983,1.59897792938998,0.825396825396825,"Random 80-gene sets"
"random",91,0.702959491566638,1.44522579374678,0.825396825396825,"Random 80-gene sets"
"random",92,0.757033298610225,1.66925828609697,0.857142857142857,"Random 80-gene sets"
"random",93,0.757033298610225,1.39372800609817,0.849206349206349,"Random 80-gene sets"
"random",94,0.76021411078926,1.44093355631312,0.849206349206349,"Random 80-gene sets"
"random",95,0.722044364640845,1.4974550031269,0.817460317460317,"Random 80-gene sets"
"random",96,0.741129237715052,1.33655554395317,0.833333333333333,"Random 80-gene sets"
"random",97,0.785660608221536,1.43521527599073,0.849206349206349,"Random 80-gene sets"
"random",98,0.750671674252156,1.32771586267472,0.833333333333333,"Random 80-gene sets"
"random",99,0.798383856937674,1.46936907226122,0.873015873015873,"Random 80-gene sets"
"random",100,0.766575735147329,1.3197869388309,0.841269841269841,"Random 80-gene sets"
"random",101,0.71886355246181,1.37611083642229,0.817460317460317,"Random 80-gene sets"
"random",102,0.820649542190916,1.19486621498778,0.888888888888889,"Random 80-gene sets"
"random",103,0.807926293474778,1.29379619511083,0.873015873015873,"Random 80-gene sets"
"random",104,0.769756547326363,1.39742102695656,0.849206349206349,"Random 80-gene sets"
"random",105,0.652066496702085,1.53751865291821,0.793650793650794,"Random 80-gene sets"
"random",106,0.572546192226221,1.78593568181592,0.746031746031746,"Random 80-gene sets"
"random",107,0.776118171684433,1.39972102395182,0.865079365079365,"Random 80-gene sets"
"random",108,0.76021411078926,1.38432482519411,0.849206349206349,"Random 80-gene sets"
"random",109,0.842915227444158,1.13682331289711,0.888888888888889,"Random 80-gene sets"
"random",110,0.744310049894087,1.57683492995106,0.833333333333333,"Random 80-gene sets"
"random",111,0.763394922968294,1.27460146791322,0.857142857142857,"Random 80-gene sets"
"random",112,0.823830354369951,1.22081493855308,0.880952380952381,"Random 80-gene sets"
"random",113,0.839734415265124,1.30437265811004,0.904761904761905,"Random 80-gene sets"
"random",114,0.696597867208569,1.58332059347758,0.817460317460317,"Random 80-gene sets"
"random",115,0.779298983863467,1.35546128194201,0.865079365079365,"Random 80-gene sets"
"random",116,0.75385248643119,1.44166660426893,0.849206349206349,"Random 80-gene sets"
"random",117,0.823830354369951,1.25895604143984,0.896825396825397,"Random 80-gene sets"
"random",118,0.79520304475864,1.36185721736784,0.873015873015873,"Random 80-gene sets"
"random",119,0.737948425536018,1.46023681171506,0.825396825396825,"Random 80-gene sets"
"random",120,0.72522517681988,1.32938951927985,0.825396825396825,"Random 80-gene sets"
"random",121,0.734767613356983,1.44297297762599,0.841269841269841,"Random 80-gene sets"
"random",122,0.798383856937674,1.34939195352549,0.873015873015873,"Random 80-gene sets"
"random",123,0.792022232579605,1.31243095704798,0.865079365079365,"Random 80-gene sets"
"random",124,0.715682740282776,1.53196447838992,0.825396825396825,"Random 80-gene sets"
"random",125,0.827011166548985,1.1821659025064,0.888888888888889,"Random 80-gene sets"
"random",126,0.712501928103741,1.46816998429009,0.817460317460317,"Random 80-gene sets"
"random",127,0.617077562732705,1.76349714580758,0.76984126984127,"Random 80-gene sets"
"random",128,0.693417055029534,1.59072728761671,0.801587301587302,"Random 80-gene sets"
"random",129,0.772937359505398,1.42134841067265,0.865079365079365,"Random 80-gene sets"
"random",130,0.772937359505398,1.29329967519227,0.857142857142857,"Random 80-gene sets"
"random",131,0.757033298610225,1.27361679293209,0.841269841269841,"Random 80-gene sets"
"random",132,0.664789745418223,1.75383407924363,0.785714285714286,"Random 80-gene sets"
"random",133,0.785660608221536,1.43503300877311,0.857142857142857,"Random 80-gene sets"
"random",134,0.632981623627877,1.59905803742124,0.777777777777778,"Random 80-gene sets"
"random",135,0.820649542190916,1.22905175147606,0.888888888888889,"Random 80-gene sets"
"random",136,0.750671674252156,1.42127676621562,0.841269841269841,"Random 80-gene sets"
"random",137,0.782479796042502,1.34657527527919,0.857142857142857,"Random 80-gene sets"
"random",138,0.817468730011882,1.15115448697661,0.880952380952381,"Random 80-gene sets"
"random",139,0.804745481295744,1.34476903066826,0.873015873015873,"Random 80-gene sets"
"random",140,0.785660608221536,1.34431414920586,0.865079365079365,"Random 80-gene sets"
"random",141,0.814287917832847,1.33104723042718,0.880952380952381,"Random 80-gene sets"
"random",142,0.836553603086089,1.23758749370921,0.896825396825397,"Random 80-gene sets"
"random",143,0.858819288339331,1.18429387342083,0.912698412698413,"Random 80-gene sets"
"random",144,0.779298983863467,1.28379319497457,0.857142857142857,"Random 80-gene sets"
"random",145,0.737948425536018,1.53847629434567,0.841269841269841,"Random 80-gene sets"
"random",146,0.769756547326363,1.28359519723034,0.857142857142857,"Random 80-gene sets"
"random",147,0.693417055029534,1.47570707969915,0.817460317460317,"Random 80-gene sets"
"random",148,0.715682740282776,1.66083727567264,0.817460317460317,"Random 80-gene sets"
"random",149,0.817468730011882,1.38405929622285,0.880952380952381,"Random 80-gene sets"
"random",150,0.776118171684433,1.38355333769717,0.849206349206349,"Random 80-gene sets"
"random",151,0.667970557597258,1.6770381540746,0.801587301587302,"Random 80-gene sets"
"random",152,0.597992689658497,1.6118293466647,0.753968253968254,"Random 80-gene sets"
"random",153,0.779298983863467,1.33456688364542,0.849206349206349,"Random 80-gene sets"
"random",154,0.769756547326363,1.49071786437345,0.857142857142857,"Random 80-gene sets"
"random",155,0.776118171684433,1.2083800022168,0.849206349206349,"Random 80-gene sets"
"random",156,0.744310049894087,1.2697122931491,0.841269841269841,"Random 80-gene sets"
"random",157,0.6902362428505,1.54020577083522,0.80952380952381,"Random 80-gene sets"
"random",158,0.782479796042502,1.35100695434499,0.857142857142857,"Random 80-gene sets"
"random",159,0.72522517681988,1.59013935830412,0.825396825396825,"Random 80-gene sets"
"random",160,0.737948425536018,1.49539548120752,0.833333333333333,"Random 80-gene sets"
"random",161,0.782479796042502,1.39517546635333,0.857142857142857,"Random 80-gene sets"
"random",162,0.731586801177949,1.52109745904195,0.833333333333333,"Random 80-gene sets"
"random",163,0.763394922968294,1.23812809448222,0.841269841269841,"Random 80-gene sets"
"random",164,0.8651809126974,1.19404501931222,0.912698412698413,"Random 80-gene sets"
"random",165,0.811107105653813,1.29978748722694,0.873015873015873,"Random 80-gene sets"
"random",166,0.620258374911739,1.62821239862495,0.76984126984127,"Random 80-gene sets"
"random",167,0.820649542190916,1.27658728962843,0.888888888888889,"Random 80-gene sets"
"random",168,0.699778679387603,1.43619719376881,0.817460317460317,"Random 80-gene sets"
"random",169,0.823830354369951,1.20690872528599,0.888888888888889,"Random 80-gene sets"
"random",170,0.79520304475864,1.24201220813099,0.873015873015873,"Random 80-gene sets"
"random",171,0.728405988998914,1.48026378740024,0.817460317460317,"Random 80-gene sets"
"random",172,0.737948425536018,1.53276501188738,0.825396825396825,"Random 80-gene sets"
"random",173,0.858819288339331,1.07970717461255,0.904761904761905,"Random 80-gene sets"
"random",174,0.744310049894087,1.60425731522696,0.833333333333333,"Random 80-gene sets"
"random",175,0.706140303745672,1.61423871924,0.80952380952381,"Random 80-gene sets"
"random",176,0.699778679387603,1.62818030339821,0.80952380952381,"Random 80-gene sets"
"random",177,0.862000100518366,1.19619831219272,0.912698412698413,"Random 80-gene sets"
"random",178,0.763394922968294,1.28698152492077,0.849206349206349,"Random 80-gene sets"
"random",179,0.776118171684433,1.53556247294105,0.849206349206349,"Random 80-gene sets"
"random",180,0.769756547326363,1.37856300967048,0.857142857142857,"Random 80-gene sets"
"random",181,0.731586801177949,1.4086827007703,0.825396825396825,"Random 80-gene sets"
"random",182,0.667970557597258,1.69080986329184,0.793650793650794,"Random 80-gene sets"
"random",183,0.620258374911739,1.61249927038925,0.777777777777778,"Random 80-gene sets"
"random",184,0.893808222308711,1.10848455881039,0.936507936507937,"Random 80-gene sets"
"random",185,0.772937359505398,1.2476186797114,0.857142857142857,"Random 80-gene sets"
"random",186,0.801564669116709,1.39231004339165,0.873015873015873,"Random 80-gene sets"
"random",187,0.788841420400571,1.30768025263921,0.857142857142857,"Random 80-gene sets"
"random",188,0.626619999269808,1.60289266462005,0.76984126984127,"Random 80-gene sets"
"random",189,0.769756547326363,1.47468956524527,0.841269841269841,"Random 80-gene sets"
"random",190,0.820649542190916,1.13168223027827,0.880952380952381,"Random 80-gene sets"
"random",191,0.83019197872802,1.33073541384414,0.880952380952381,"Random 80-gene sets"
"random",192,0.680693806313396,1.59309566052297,0.801587301587302,"Random 80-gene sets"
"random",193,0.769756547326363,1.40339804280592,0.849206349206349,"Random 80-gene sets"
"random",194,0.728405988998914,1.27355652667574,0.825396825396825,"Random 80-gene sets"
"random",195,0.763394922968294,1.59085893679926,0.849206349206349,"Random 80-gene sets"
"random",196,0.823830354369951,1.28220191786587,0.888888888888889,"Random 80-gene sets"
"random",197,0.79520304475864,1.28816862323055,0.865079365079365,"Random 80-gene sets"
"random",198,0.744310049894087,1.53637121870584,0.841269841269841,"Random 80-gene sets"
"random",199,0.693417055029534,1.62468588929943,0.793650793650794,"Random 80-gene sets"
"random",200,0.757033298610225,1.47676023050539,0.849206349206349,"Random 80-gene sets"
"random",201,0.702959491566638,1.63646835501617,0.817460317460317,"Random 80-gene sets"
"random",202,0.655247308881119,1.71616622267156,0.777777777777778,"Random 80-gene sets"
"random",203,0.776118171684433,1.25080919642929,0.857142857142857,"Random 80-gene sets"
"random",204,0.671151369776292,1.5026805992437,0.801587301587302,"Random 80-gene sets"
"random",205,0.750671674252156,1.44489003367788,0.849206349206349,"Random 80-gene sets"
"random",206,0.728405988998914,1.32290523666955,0.833333333333333,"Random 80-gene sets"
"random",207,0.79520304475864,1.20147542501088,0.865079365079365,"Random 80-gene sets"
"random",208,0.693417055029534,1.72622233338355,0.793650793650794,"Random 80-gene sets"
"random",209,0.750671674252156,1.28148460751212,0.849206349206349,"Random 80-gene sets"
"random",210,0.744310049894087,1.40002014618372,0.833333333333333,"Random 80-gene sets"
"random",211,0.674332181955327,1.6529602401089,0.793650793650794,"Random 80-gene sets"
"random",212,0.667970557597258,1.57646163313417,0.785714285714286,"Random 80-gene sets"
"random",213,0.71886355246181,1.41511202768176,0.833333333333333,"Random 80-gene sets"
"random",214,0.71886355246181,1.51580929162861,0.817460317460317,"Random 80-gene sets"
"random",215,0.801564669116709,1.30368984535739,0.865079365079365,"Random 80-gene sets"
"random",216,0.64888568452305,1.56076930849,0.785714285714286,"Random 80-gene sets"
"random",217,0.772937359505398,1.31158174502344,0.857142857142857,"Random 80-gene sets"
"random",218,0.64888568452305,1.71473908399448,0.76984126984127,"Random 80-gene sets"
"random",219,0.702959491566638,1.5160409118678,0.817460317460317,"Random 80-gene sets"
"random",220,0.693417055029534,1.58328738982952,0.801587301587302,"Random 80-gene sets"
"random",221,0.766575735147329,1.55674109957307,0.849206349206349,"Random 80-gene sets"
"random",222,0.706140303745672,1.50528381849566,0.817460317460317,"Random 80-gene sets"
"random",223,0.645704872344016,1.63906311933316,0.777777777777778,"Random 80-gene sets"
"random",224,0.722044364640845,1.44569358505043,0.817460317460317,"Random 80-gene sets"
"random",225,0.744310049894087,1.40455099530729,0.841269841269841,"Random 80-gene sets"
"random",226,0.712501928103741,1.44461819400614,0.817460317460317,"Random 80-gene sets"
"random",227,0.782479796042502,1.34708905330767,0.857142857142857,"Random 80-gene sets"
"random",228,0.772937359505398,1.46312065790364,0.857142857142857,"Random 80-gene sets"
"random",229,0.76021411078926,1.42489407906665,0.849206349206349,"Random 80-gene sets"
"random",230,0.744310049894087,1.40835012411081,0.825396825396825,"Random 80-gene sets"
"random",231,0.731586801177949,1.41615583257426,0.825396825396825,"Random 80-gene sets"
"random",232,0.792022232579605,1.18215072539774,0.865079365079365,"Random 80-gene sets"
"random",233,0.779298983863467,1.54830794414176,0.857142857142857,"Random 80-gene sets"
"random",234,0.661608933239188,1.51335263894425,0.785714285714286,"Random 80-gene sets"
"random",235,0.6902362428505,1.64017292293439,0.80952380952381,"Random 80-gene sets"
"random",236,0.741129237715052,1.36434328817724,0.833333333333333,"Random 80-gene sets"
"random",237,0.814287917832847,1.36001889651687,0.880952380952381,"Random 80-gene sets"
"random",238,0.693417055029534,1.46506317030856,0.801587301587302,"Random 80-gene sets"
"random",239,0.747490862073121,1.37822353830491,0.833333333333333,"Random 80-gene sets"
"random",240,0.833372790907055,1.14691287278522,0.904761904761905,"Random 80-gene sets"
"random",241,0.788841420400571,1.54104026594158,0.865079365079365,"Random 80-gene sets"
"random",242,0.706140303745672,1.5636969064095,0.817460317460317,"Random 80-gene sets"
"random",243,0.696597867208569,1.45306711971947,0.80952380952381,"Random 80-gene sets"
"random",244,0.709321115924707,1.46011984740416,0.817460317460317,"Random 80-gene sets"
"random",245,0.877904161413538,1.14409990098555,0.920634920634921,"Random 80-gene sets"
"random",246,0.763394922968294,1.43590570050907,0.849206349206349,"Random 80-gene sets"
"random",247,0.75385248643119,1.40988070849112,0.841269841269841,"Random 80-gene sets"
"random",248,0.744310049894087,1.37270895601274,0.849206349206349,"Random 80-gene sets"
"random",249,0.71886355246181,1.3840969194553,0.817460317460317,"Random 80-gene sets"
"random",250,0.696597867208569,1.42518892437629,0.80952380952381,"Random 80-gene sets"
"stable",1,-0.757033298610225,4.0926084701834,0.174603174603175,"Housekeeping-like gene sets"
"stable",2,-0.741129237715052,3.91734561802256,0.182539682539683,"Housekeeping-like gene sets"
"stable",3,-0.72522517681988,3.97297621647341,0.19047619047619,"Housekeeping-like gene sets"
"stable",4,-0.868361724876435,3.9248676229443,0.0952380952380952,"Housekeeping-like gene sets"
"stable",5,-0.766575735147329,4.52483367246466,0.166666666666667,"Housekeeping-like gene sets"
"stable",6,-0.734767613356983,4.02096167399761,0.174603174603175,"Housekeeping-like gene sets"
"stable",7,-0.709321115924707,3.94075626485877,0.198412698412698,"Housekeeping-like gene sets"
"stable",8,-0.782479796042502,3.65107716659587,0.158730158730159,"Housekeeping-like gene sets"
"stable",9,-0.744310049894087,4.1704671258762,0.182539682539683,"Housekeeping-like gene sets"
"stable",10,-0.855638476160296,4.31366969238744,0.111111111111111,"Housekeeping-like gene sets"
"stable",11,-0.811107105653813,4.05678091270849,0.142857142857143,"Housekeeping-like gene sets"
"stable",12,-0.877904161413538,4.18918171294494,0.0952380952380952,"Housekeeping-like gene sets"
"stable",13,-0.846096039623193,4.05387669457397,0.119047619047619,"Housekeeping-like gene sets"
"stable",14,-0.772937359505398,3.79347536938666,0.158730158730159,"Housekeeping-like gene sets"
"stable",15,-0.83019197872802,3.774323080315,0.119047619047619,"Housekeeping-like gene sets"
"stable",16,-0.858819288339331,3.92476094716212,0.103174603174603,"Housekeeping-like gene sets"
"stable",17,-0.858819288339331,3.98559473903773,0.103174603174603,"Housekeeping-like gene sets"
"stable",18,-0.862000100518366,3.51361298757697,0.103174603174603,"Housekeeping-like gene sets"
"stable",19,-0.757033298610225,4.00942966643398,0.166666666666667,"Housekeeping-like gene sets"
"stable",20,-0.79520304475864,4.32375630088822,0.142857142857143,"Housekeeping-like gene sets"
"stable",21,-0.737948425536018,3.74564911104126,0.19047619047619,"Housekeeping-like gene sets"
"stable",22,-0.766575735147329,4.18373041854187,0.166666666666667,"Housekeeping-like gene sets"
"stable",23,-0.874723349234504,3.71077615606711,0.0952380952380952,"Housekeeping-like gene sets"
"stable",24,-0.779298983863467,4.41355310303335,0.158730158730159,"Housekeeping-like gene sets"
"stable",25,-0.836553603086089,3.90375586976543,0.126984126984127,"Housekeeping-like gene sets"
"stable",26,-0.798383856937674,3.70464046128104,0.166666666666667,"Housekeeping-like gene sets"
"stable",27,-0.827011166548985,3.44120855943888,0.111111111111111,"Housekeeping-like gene sets"
"stable",28,-0.788841420400571,3.85752555426737,0.142857142857143,"Housekeeping-like gene sets"
"stable",29,-0.855638476160296,3.71037440825344,0.119047619047619,"Housekeeping-like gene sets"
"stable",30,-0.731586801177949,4.08033575512755,0.19047619047619,"Housekeeping-like gene sets"
"stable",31,-0.801564669116709,3.63560697836163,0.142857142857143,"Housekeeping-like gene sets"
"stable",32,-0.728405988998914,3.48963181099299,0.198412698412698,"Housekeeping-like gene sets"
"stable",33,-0.731586801177949,4.1326276155005,0.182539682539683,"Housekeeping-like gene sets"
"stable",34,-0.788841420400571,3.56985321045201,0.150793650793651,"Housekeeping-like gene sets"
"stable",35,-0.766575735147329,3.96499897973135,0.158730158730159,"Housekeeping-like gene sets"
"stable",36,-0.820649542190916,3.7893941479462,0.142857142857143,"Housekeeping-like gene sets"
"stable",37,-0.71886355246181,3.92029709470904,0.198412698412698,"Housekeeping-like gene sets"
"stable",38,-0.782479796042502,4.07349330745603,0.150793650793651,"Housekeeping-like gene sets"
"stable",39,-0.849276851802227,3.96544740485464,0.119047619047619,"Housekeeping-like gene sets"
"stable",40,-0.836553603086089,4.24437148280659,0.119047619047619,"Housekeeping-like gene sets"
"stable",41,-0.801564669116709,3.84839386087787,0.142857142857143,"Housekeeping-like gene sets"
"stable",42,-0.83019197872802,3.99821773627465,0.134920634920635,"Housekeeping-like gene sets"
"stable",43,-0.804745481295744,4.4411227685807,0.142857142857143,"Housekeeping-like gene sets"
"stable",44,-0.823830354369951,4.19677752573686,0.126984126984127,"Housekeeping-like gene sets"
"stable",45,-0.874723349234504,3.80261006783934,0.0952380952380952,"Housekeeping-like gene sets"
"stable",46,-0.788841420400571,4.34108673336948,0.158730158730159,"Housekeeping-like gene sets"
"stable",47,-0.852457663981262,3.92825353446488,0.111111111111111,"Housekeeping-like gene sets"
"stable",48,-0.836553603086089,3.9231798713717,0.119047619047619,"Housekeeping-like gene sets"
"stable",49,-0.90016984666678,3.65607865086043,0.0714285714285714,"Housekeeping-like gene sets"
"stable",50,-0.874723349234504,4.22912466451975,0.0873015873015873,"Housekeeping-like gene sets"
"stable",51,-0.6902362428505,3.97101779614258,0.214285714285714,"Housekeeping-like gene sets"
"stable",52,-0.887446597950642,4.55601866291693,0.0873015873015873,"Housekeeping-like gene sets"
"stable",53,-0.702959491566638,3.86776728914349,0.198412698412698,"Housekeeping-like gene sets"
"stable",54,-0.807926293474778,3.66283912970606,0.134920634920635,"Housekeeping-like gene sets"
"stable",55,-0.788841420400571,3.7207387968623,0.158730158730159,"Housekeeping-like gene sets"
"stable",56,-0.852457663981262,3.85071445033375,0.111111111111111,"Housekeeping-like gene sets"
"stable",57,-0.788841420400571,4.58798484225231,0.158730158730159,"Housekeeping-like gene sets"
"stable",58,-0.823830354369951,4.23061329962957,0.134920634920635,"Housekeeping-like gene sets"
"stable",59,-0.804745481295744,4.29775269705601,0.142857142857143,"Housekeeping-like gene sets"
"stable",60,-0.823830354369951,3.74784176366947,0.126984126984127,"Housekeeping-like gene sets"
"stable",61,-0.804745481295744,3.6956710595326,0.142857142857143,"Housekeeping-like gene sets"
"stable",62,-0.858819288339331,4.13507034877768,0.103174603174603,"Housekeeping-like gene sets"
"stable",63,-0.852457663981262,3.99056571634357,0.119047619047619,"Housekeeping-like gene sets"
"stable",64,-0.823830354369951,3.84064503001342,0.126984126984127,"Housekeeping-like gene sets"
"stable",65,-0.64888568452305,4.62069046086293,0.238095238095238,"Housekeeping-like gene sets"
"stable",66,-0.817468730011882,4.16217537450916,0.134920634920635,"Housekeeping-like gene sets"
"stable",67,-0.823830354369951,3.8622906990867,0.126984126984127,"Housekeeping-like gene sets"
"stable",68,-0.788841420400571,4.20545548932335,0.166666666666667,"Housekeeping-like gene sets"
"stable",69,-0.912893095382919,3.92389563744754,0.0714285714285714,"Housekeeping-like gene sets"
"stable",70,-0.807926293474778,4.03334011956715,0.142857142857143,"Housekeeping-like gene sets"
"stable",71,-0.868361724876435,4.15332168664213,0.0952380952380952,"Housekeeping-like gene sets"
"stable",72,-0.652066496702085,3.7237304509309,0.23015873015873,"Housekeeping-like gene sets"
"stable",73,-0.722044364640845,3.64463301975381,0.19047619047619,"Housekeeping-like gene sets"
"stable",74,-0.852457663981262,4.04217969277895,0.119047619047619,"Housekeeping-like gene sets"
"stable",75,-0.862000100518366,4.12600748344299,0.0952380952380952,"Housekeeping-like gene sets"
"stable",76,-0.715682740282776,4.0523419644822,0.206349206349206,"Housekeeping-like gene sets"
"stable",77,-0.801564669116709,3.81594870842475,0.134920634920635,"Housekeeping-like gene sets"
"stable",78,-0.807926293474778,3.61181039042411,0.134920634920635,"Housekeeping-like gene sets"
"stable",79,-0.890627410129677,3.7827231896142,0.0793650793650794,"Housekeeping-like gene sets"
"stable",80,-0.769756547326363,4.35056289366614,0.166666666666667,"Housekeeping-like gene sets"
"stable",81,-0.737948425536018,4.22439525418106,0.19047619047619,"Housekeeping-like gene sets"
"stable",82,-0.846096039623193,3.91406983873749,0.111111111111111,"Housekeeping-like gene sets"
"stable",83,-0.79520304475864,3.5582652543315,0.158730158730159,"Housekeeping-like gene sets"
"stable",84,-0.801564669116709,3.84178002869177,0.134920634920635,"Housekeeping-like gene sets"
"stable",85,-0.842915227444158,3.92855027129904,0.119047619047619,"Housekeeping-like gene sets"
"stable",86,-0.76021411078926,4.16896284206599,0.174603174603175,"Housekeeping-like gene sets"
"stable",87,-0.846096039623193,3.91389452630803,0.119047619047619,"Housekeeping-like gene sets"
"stable",88,-0.83019197872802,4.3341729479106,0.126984126984127,"Housekeeping-like gene sets"
"stable",89,-0.836553603086089,3.88520320113658,0.119047619047619,"Housekeeping-like gene sets"
"stable",90,-0.658428121060154,3.99866723780035,0.23015873015873,"Housekeeping-like gene sets"
"stable",91,-0.801564669116709,4.30838102767218,0.142857142857143,"Housekeeping-like gene sets"
"stable",92,-0.79520304475864,3.70455473929701,0.150793650793651,"Housekeeping-like gene sets"
"stable",93,-0.779298983863467,3.70787283629922,0.150793650793651,"Housekeeping-like gene sets"
"stable",94,-0.72522517681988,4.2457034129501,0.198412698412698,"Housekeeping-like gene sets"
"stable",95,-0.734767613356983,4.4357409880679,0.19047619047619,"Housekeeping-like gene sets"
"stable",96,-0.741129237715052,3.77232044356555,0.182539682539683,"Housekeeping-like gene sets"
"stable",97,-0.849276851802227,4.022168591373,0.126984126984127,"Housekeeping-like gene sets"
"stable",98,-0.804745481295744,3.89500265139414,0.142857142857143,"Housekeeping-like gene sets"
"stable",99,-0.846096039623193,4.01160089116339,0.119047619047619,"Housekeeping-like gene sets"
"stable",100,-0.820649542190916,3.57345672791965,0.134920634920635,"Housekeeping-like gene sets"
"stable",101,-0.709321115924707,3.8722810359692,0.214285714285714,"Housekeeping-like gene sets"
"stable",102,-0.747490862073121,3.74597505491735,0.174603174603175,"Housekeeping-like gene sets"
"stable",103,-0.884265785771608,4.44847917025667,0.0873015873015873,"Housekeeping-like gene sets"
"stable",104,-0.842915227444158,3.69669462467268,0.119047619047619,"Housekeeping-like gene sets"
"stable",105,-0.779298983863467,3.81874729847124,0.158730158730159,"Housekeeping-like gene sets"
"stable",106,-0.597992689658497,4.46842840005265,0.261904761904762,"Housekeeping-like gene sets"
"stable",107,-0.737948425536018,4.60387133380156,0.182539682539683,"Housekeeping-like gene sets"
"stable",108,-0.788841420400571,3.98866601223909,0.158730158730159,"Housekeeping-like gene sets"
"stable",109,-0.807926293474778,4.01335421946524,0.134920634920635,"Housekeeping-like gene sets"
"stable",110,-0.788841420400571,3.73612829083894,0.142857142857143,"Housekeeping-like gene sets"
"stable",111,-0.839734415265124,4.40120557290347,0.126984126984127,"Housekeeping-like gene sets"
"stable",112,-0.858819288339331,3.7300143670973,0.111111111111111,"Housekeeping-like gene sets"
"stable",113,-0.912893095382919,3.87684029296204,0.0714285714285714,"Housekeeping-like gene sets"
"stable",114,-0.769756547326363,3.59087422334677,0.158730158730159,"Housekeeping-like gene sets"
"stable",115,-0.712501928103741,4.31213282839082,0.206349206349206,"Housekeeping-like gene sets"
"stable",116,-0.680693806313396,4.35790153549813,0.222222222222222,"Housekeeping-like gene sets"
"stable",117,-0.896989034487746,3.95204856316689,0.0952380952380952,"Housekeeping-like gene sets"
"stable",118,-0.785660608221536,3.8863216886321,0.158730158730159,"Housekeeping-like gene sets"
"stable",119,-0.655247308881119,4.3208687125091,0.23015873015873,"Housekeeping-like gene sets"
"stable",120,-0.750671674252156,3.99803158578375,0.174603174603175,"Housekeeping-like gene sets"
"stable",121,-0.849276851802227,4.20316223492946,0.103174603174603,"Housekeeping-like gene sets"
"stable",122,-0.664789745418223,3.60645048024149,0.238095238095238,"Housekeeping-like gene sets"
"stable",123,-0.763394922968294,4.28325755248346,0.166666666666667,"Housekeeping-like gene sets"
"stable",124,-0.881084973592573,3.48719976658908,0.0952380952380952,"Housekeeping-like gene sets"
"stable",125,-0.779298983863467,3.680337936456,0.158730158730159,"Housekeeping-like gene sets"
"stable",126,-0.699778679387603,3.65233051974637,0.206349206349206,"Housekeeping-like gene sets"
"stable",127,-0.906531471024849,3.47056037387105,0.0793650793650794,"Housekeeping-like gene sets"
"stable",128,-0.906531471024849,3.78732756275183,0.0634920634920635,"Housekeeping-like gene sets"
"stable",129,-0.741129237715052,4.31907104061961,0.182539682539683,"Housekeeping-like gene sets"
"stable",130,-0.785660608221536,3.87627331839347,0.166666666666667,"Housekeeping-like gene sets"
"stable",131,-0.855638476160296,4.1874586557945,0.126984126984127,"Housekeeping-like gene sets"
"stable",132,-0.728405988998914,4.20775470159824,0.19047619047619,"Housekeeping-like gene sets"
"stable",133,-0.702959491566638,3.79440813896157,0.198412698412698,"Housekeeping-like gene sets"
"stable",134,-0.8651809126974,3.63186708584755,0.0873015873015873,"Housekeeping-like gene sets"
"stable",135,-0.744310049894087,3.85975221038798,0.19047619047619,"Housekeeping-like gene sets"
"stable",136,-0.827011166548985,4.41727720010075,0.119047619047619,"Housekeeping-like gene sets"
"stable",137,-0.814287917832847,3.69037626155193,0.134920634920635,"Housekeeping-like gene sets"
"stable",138,-0.79520304475864,4.03837913824931,0.150793650793651,"Housekeeping-like gene sets"
"stable",139,-0.855638476160296,3.86132472213016,0.111111111111111,"Housekeeping-like gene sets"
"stable",140,-0.836553603086089,3.86270226868109,0.119047619047619,"Housekeeping-like gene sets"
"stable",141,-0.846096039623193,4.11658026881506,0.126984126984127,"Housekeeping-like gene sets"
"stable",142,-0.652066496702085,3.79992456222228,0.23015873015873,"Housekeeping-like gene sets"
"stable",143,-0.874723349234504,4.13712680791839,0.0952380952380952,"Housekeeping-like gene sets"
"stable",144,-0.766575735147329,3.83761078740762,0.166666666666667,"Housekeeping-like gene sets"
"stable",145,-0.72522517681988,3.92599429073122,0.19047619047619,"Housekeeping-like gene sets"
"stable",146,-0.776118171684433,4.25381206516563,0.158730158730159,"Housekeeping-like gene sets"
"stable",147,-0.823830354369951,4.0630550086928,0.134920634920635,"Housekeeping-like gene sets"
"stable",148,-0.76021411078926,3.71660714037213,0.158730158730159,"Housekeeping-like gene sets"
"stable",149,-0.776118171684433,3.98117744659135,0.158730158730159,"Housekeeping-like gene sets"
"stable",150,-0.792022232579605,3.97712799334624,0.142857142857143,"Housekeeping-like gene sets"
"stable",151,-0.83019197872802,4.0869377890954,0.126984126984127,"Housekeeping-like gene sets"
"stable",152,-0.871542537055469,3.65924484682776,0.103174603174603,"Housekeeping-like gene sets"
"stable",153,-0.722044364640845,3.94685734708364,0.19047619047619,"Housekeeping-like gene sets"
"stable",154,-0.858819288339331,4.17088074556649,0.0952380952380952,"Housekeeping-like gene sets"
"stable",155,-0.858819288339331,4.12765209605417,0.103174603174603,"Housekeeping-like gene sets"
"stable",156,-0.807926293474778,4.21715112242439,0.134920634920635,"Housekeeping-like gene sets"
"stable",157,-0.744310049894087,3.7380882056264,0.19047619047619,"Housekeeping-like gene sets"
"stable",158,-0.798383856937674,4.41560962588152,0.142857142857143,"Housekeeping-like gene sets"
"stable",159,-0.896989034487746,3.97043733183831,0.0714285714285714,"Housekeeping-like gene sets"
"stable",160,-0.785660608221536,3.80971047321415,0.150793650793651,"Housekeeping-like gene sets"
"stable",161,-0.804745481295744,4.02380370525303,0.142857142857143,"Housekeeping-like gene sets"
"stable",162,-0.766575735147329,4.00952137240096,0.166666666666667,"Housekeeping-like gene sets"
"stable",163,-0.839734415265124,3.80201236854628,0.119047619047619,"Housekeeping-like gene sets"
"stable",164,-0.912893095382919,3.48050803650402,0.0634920634920635,"Housekeeping-like gene sets"
"stable",165,-0.833372790907055,3.79847538187343,0.119047619047619,"Housekeeping-like gene sets"
"stable",166,-0.90016984666678,3.65029930188517,0.0714285714285714,"Housekeeping-like gene sets"
"stable",167,-0.846096039623193,3.99100266216562,0.103174603174603,"Housekeeping-like gene sets"
"stable",168,-0.709321115924707,4.47706546447178,0.198412698412698,"Housekeeping-like gene sets"
"stable",169,-0.645704872344016,4.24867163427462,0.238095238095238,"Housekeeping-like gene sets"
"stable",170,-0.779298983863467,4.12497447607929,0.166666666666667,"Housekeeping-like gene sets"
"stable",171,-0.645704872344016,3.97373762759236,0.238095238095238,"Housekeeping-like gene sets"
"stable",172,-0.766575735147329,4.47353743429178,0.19047619047619,"Housekeeping-like gene sets"
"stable",173,-0.896989034487746,3.86253939907533,0.0873015873015873,"Housekeeping-like gene sets"
"stable",174,-0.833372790907055,3.88628773660939,0.126984126984127,"Housekeeping-like gene sets"
"stable",175,-0.887446597950642,4.12990696159833,0.0952380952380952,"Housekeeping-like gene sets"
"stable",176,-0.801564669116709,4.15203352201961,0.150793650793651,"Housekeeping-like gene sets"
"stable",177,-0.6902362428505,4.39908768231721,0.214285714285714,"Housekeeping-like gene sets"
"stable",178,-0.737948425536018,4.00239191902594,0.182539682539683,"Housekeeping-like gene sets"
"stable",179,-0.868361724876435,3.93473347941337,0.0952380952380952,"Housekeeping-like gene sets"
"stable",180,-0.72522517681988,4.18398317345458,0.182539682539683,"Housekeeping-like gene sets"
"stable",181,-0.877904161413538,3.92802565001517,0.0952380952380952,"Housekeeping-like gene sets"
"stable",182,-0.747490862073121,4.31584954419149,0.182539682539683,"Housekeeping-like gene sets"
"stable",183,-0.801564669116709,3.66177009587013,0.134920634920635,"Housekeeping-like gene sets"
"stable",184,-0.6902362428505,3.74270030532742,0.206349206349206,"Housekeeping-like gene sets"
"stable",185,-0.776118171684433,3.82275521746777,0.158730158730159,"Housekeeping-like gene sets"
"stable",186,-0.811107105653813,3.72041377296713,0.134920634920635,"Housekeeping-like gene sets"
"stable",187,-0.75385248643119,4.09465889509601,0.174603174603175,"Housekeeping-like gene sets"
"stable",188,-0.750671674252156,3.5252003167165,0.174603174603175,"Housekeeping-like gene sets"
"stable",189,-0.842915227444158,3.40209992301737,0.126984126984127,"Housekeeping-like gene sets"
"stable",190,-0.792022232579605,4.74430743506741,0.150793650793651,"Housekeeping-like gene sets"
"stable",191,-0.75385248643119,3.96935632320554,0.182539682539683,"Housekeeping-like gene sets"
"stable",192,-0.928797156278091,4.09109888865468,0.0555555555555556,"Housekeeping-like gene sets"
"stable",193,-0.820649542190916,4.22312601179926,0.142857142857143,"Housekeeping-like gene sets"
"stable",194,-0.871542537055469,3.59539903530616,0.0793650793650794,"Housekeeping-like gene sets"
"stable",195,-0.877904161413538,3.70160206707533,0.0873015873015873,"Housekeeping-like gene sets"
"stable",196,-0.792022232579605,4.04928590221277,0.150793650793651,"Housekeeping-like gene sets"
"stable",197,-0.868361724876435,3.6232138727903,0.103174603174603,"Housekeeping-like gene sets"
"stable",198,-0.896989034487746,4.15297668635866,0.0793650793650794,"Housekeeping-like gene sets"
"stable",199,-0.693417055029534,4.48599929461183,0.214285714285714,"Housekeeping-like gene sets"
"stable",200,-0.788841420400571,3.81105616661666,0.158730158730159,"Housekeeping-like gene sets"
"stable",201,-0.820649542190916,4.10116691362958,0.126984126984127,"Housekeeping-like gene sets"
"stable",202,-0.807926293474778,3.98948494889106,0.134920634920635,"Housekeeping-like gene sets"
"stable",203,-0.731586801177949,4.31390986716372,0.182539682539683,"Housekeeping-like gene sets"
"stable",204,-0.792022232579605,3.9875550621635,0.150793650793651,"Housekeeping-like gene sets"
"stable",205,-0.788841420400571,3.79992785339362,0.150793650793651,"Housekeeping-like gene sets"
"stable",206,-0.842915227444158,3.93796043190286,0.119047619047619,"Housekeeping-like gene sets"
"stable",207,-0.871542537055469,4.03217277295805,0.0873015873015873,"Housekeeping-like gene sets"
"stable",208,-0.731586801177949,4.01223547680638,0.198412698412698,"Housekeeping-like gene sets"
"stable",209,-0.820649542190916,3.99282592374825,0.126984126984127,"Housekeeping-like gene sets"
"stable",210,-0.763394922968294,4.34200591648395,0.166666666666667,"Housekeeping-like gene sets"
"stable",211,-0.610715938374635,4.1227484704516,0.261904761904762,"Housekeeping-like gene sets"
"stable",212,-0.839734415265124,3.63402100470247,0.126984126984127,"Housekeeping-like gene sets"
"stable",213,-0.766575735147329,3.73123748415916,0.166666666666667,"Housekeeping-like gene sets"
"stable",214,-0.827011166548985,3.94612604662955,0.134920634920635,"Housekeeping-like gene sets"
"stable",215,-0.868361724876435,3.62893009618322,0.103174603174603,"Housekeeping-like gene sets"
"stable",216,-0.747490862073121,4.24437861225606,0.174603174603175,"Housekeeping-like gene sets"
"stable",217,-0.814287917832847,3.71679428713026,0.150793650793651,"Housekeeping-like gene sets"
"stable",218,-0.747490862073121,3.96716723068261,0.166666666666667,"Housekeeping-like gene sets"
"stable",219,-0.83019197872802,3.75282420685096,0.126984126984127,"Housekeeping-like gene sets"
"stable",220,-0.782479796042502,3.97354660771586,0.150793650793651,"Housekeeping-like gene sets"
"stable",221,-0.779298983863467,3.99588154692123,0.158730158730159,"Housekeeping-like gene sets"
"stable",222,-0.737948425536018,4.37991159052772,0.198412698412698,"Housekeeping-like gene sets"
"stable",223,-0.71886355246181,4.15982470729057,0.206349206349206,"Housekeeping-like gene sets"
"stable",224,-0.849276851802227,3.75848631999659,0.111111111111111,"Housekeeping-like gene sets"
"stable",225,-0.750671674252156,4.12811198655203,0.182539682539683,"Housekeeping-like gene sets"
"stable",226,-0.776118171684433,4.64205031533534,0.166666666666667,"Housekeeping-like gene sets"
"stable",227,-0.896989034487746,4.18663697474939,0.0873015873015873,"Housekeeping-like gene sets"
"stable",228,-0.804745481295744,3.90169886286778,0.142857142857143,"Housekeeping-like gene sets"
"stable",229,-0.737948425536018,4.25221026142728,0.174603174603175,"Housekeeping-like gene sets"
"stable",230,-0.792022232579605,3.88112504029482,0.158730158730159,"Housekeeping-like gene sets"
"stable",231,-0.849276851802227,3.94906787377469,0.103174603174603,"Housekeeping-like gene sets"
"stable",232,-0.8651809126974,4.29877552958049,0.103174603174603,"Housekeeping-like gene sets"
"stable",233,-0.855638476160296,3.80513951375622,0.111111111111111,"Housekeeping-like gene sets"
"stable",234,-0.722044364640845,4.17663281750143,0.19047619047619,"Housekeeping-like gene sets"
"stable",235,-0.792022232579605,3.77024352758817,0.150793650793651,"Housekeeping-like gene sets"
"stable",236,-0.788841420400571,4.07411149756996,0.158730158730159,"Housekeeping-like gene sets"
"stable",237,-0.75385248643119,3.75504952622636,0.166666666666667,"Housekeeping-like gene sets"
"stable",238,-0.807926293474778,3.90074047156206,0.142857142857143,"Housekeeping-like gene sets"
"stable",239,-0.807926293474778,4.50115577134273,0.142857142857143,"Housekeeping-like gene sets"
"stable",240,-0.849276851802227,3.79364420340077,0.126984126984127,"Housekeeping-like gene sets"
"stable",241,-0.804745481295744,3.83604783717612,0.150793650793651,"Housekeeping-like gene sets"
"stable",242,-0.788841420400571,3.93215091544955,0.150793650793651,"Housekeeping-like gene sets"
"stable",243,-0.722044364640845,3.74636183047809,0.206349206349206,"Housekeeping-like gene sets"
"stable",244,-0.769756547326363,3.52474447597194,0.166666666666667,"Housekeeping-like gene sets"
"stable",245,-0.836553603086089,3.88290782801585,0.134920634920635,"Housekeeping-like gene sets"
"stable",246,-0.741129237715052,4.20128296668348,0.182539682539683,"Housekeeping-like gene sets"
"stable",247,-0.833372790907055,3.54883097374309,0.111111111111111,"Housekeeping-like gene sets"
"stable",248,-0.772937359505398,4.18847681798419,0.174603174603175,"Housekeeping-like gene sets"
"stable",249,-0.919254719740988,3.92959221384247,0.0634920634920635,"Housekeeping-like gene sets"
"stable",250,-0.807926293474778,3.68279945912492,0.142857142857143,"Housekeeping-like gene sets"
"permuted",1,-0.524834009540702,2.98474565546421,0.26984126984127,"Permuted LH labels"
"permuted",2,-0.14631736023559,2.49910541589463,0.46031746031746,"Permuted LH labels"
"permuted",3,-0.244922537785661,2.62953218720949,0.404761904761905,"Permuted LH labels"
"permuted",4,-0.0731586801177949,2.38473374393229,0.46031746031746,"Permuted LH labels"
"permuted",5,0.0604354314016566,2.3496078967006,0.507936507936508,"Permuted LH labels"
"permuted",6,0.178125482025935,2.22547855209347,0.571428571428571,"Permuted LH labels"
"permuted",7,0.32762365444056,1.92156608301335,0.650793650793651,"Permuted LH labels"
"permuted",8,-0.267188223038903,2.84552720613667,0.404761904761905,"Permuted LH labels"
"permuted",9,0.0731586801177949,2.42036922093076,0.53968253968254,"Permuted LH labels"
"permuted",10,-0.178125482025935,2.5330413643085,0.420634920634921,"Permuted LH labels"
"permuted",11,0.0318081217903456,2.59570320664699,0.515873015873016,"Permuted LH labels"
"permuted",12,-0.0890627410129677,2.45222292884177,0.444444444444444,"Permuted LH labels"
"permuted",13,-0.171763857667866,2.44321067002987,0.428571428571429,"Permuted LH labels"
"permuted",14,0,2.44475267038357,0.5,"Permuted LH labels"
"permuted",15,-0.407143958916424,3.23851166195485,0.341269841269841,"Permuted LH labels"
"permuted",16,-0.124051674982348,2.70001928922008,0.452380952380952,"Permuted LH labels"
"permuted",17,0.238560913427592,2.35070623222708,0.603174603174603,"Permuted LH labels"
"permuted",18,-0.0445313705064838,2.56270949458637,0.476190476190476,"Permuted LH labels"
"permuted",19,-0.0763394922968294,2.49444708165603,0.46031746031746,"Permuted LH labels"
"permuted",20,-0.343527715335732,2.44095584837271,0.365079365079365,"Permuted LH labels"
"permuted",21,0.197210355100143,2.2419568242252,0.587301587301587,"Permuted LH labels"
"permuted",22,0.0127232487161382,2.41189933993788,0.5,"Permuted LH labels"
"permuted",23,0.337166090977663,2.30311029766782,0.611111111111111,"Permuted LH labels"
"permuted",24,0.0572546192226221,2.38091179208331,0.507936507936508,"Permuted LH labels"
"permuted",25,-0.305357969187318,2.74443090211965,0.380952380952381,"Permuted LH labels"
"permuted",26,-0.0349889339693802,2.54441334122063,0.492063492063492,"Permuted LH labels"
"permuted",27,-0.289453908292145,2.78488396855773,0.373015873015873,"Permuted LH labels"
"permuted",28,0.388059085842216,2.16115847386636,0.650793650793651,"Permuted LH labels"
"permuted",29,0.21629522817435,2.2973568930765,0.587301587301587,"Permuted LH labels"
"permuted",30,0.127232487161382,2.15756037408676,0.547619047619048,"Permuted LH labels"
"permuted",31,0.0890627410129677,2.29870066161493,0.53968253968254,"Permuted LH labels"
"permuted",32,0.0827011166548985,2.05536527232798,0.547619047619048,"Permuted LH labels"
"permuted",33,-0.356250964051871,2.61441966779355,0.349206349206349,"Permuted LH labels"
"permuted",34,-0.25128416214373,2.79871494635704,0.396825396825397,"Permuted LH labels"
"permuted",35,-0.4325904563487,2.87168364877269,0.317460317460317,"Permuted LH labels"
"permuted",36,0.206752791637246,2.05242343113252,0.595238095238095,"Permuted LH labels"
"permuted",37,-0.0254464974322765,2.46983156246728,0.476190476190476,"Permuted LH labels"
"permuted",38,0.114509238445244,2.13083904077506,0.563492063492063,"Permuted LH labels"
"permuted",39,-0.200391167279177,2.46456045696853,0.412698412698413,"Permuted LH labels"
"permuted",40,-0.346708527514767,2.65460023158654,0.365079365079365,"Permuted LH labels"
"permuted",41,0.079520304475864,2.30585133804235,0.531746031746032,"Permuted LH labels"
"permuted",42,-0.289453908292145,2.55236670944235,0.380952380952381,"Permuted LH labels"
"permuted",43,-0.238560913427592,2.67695655009589,0.412698412698413,"Permuted LH labels"
"permuted",44,-0.391239898021251,2.78827344907021,0.341269841269841,"Permuted LH labels"
"permuted",45,-0.079520304475864,2.5315394403837,0.436507936507937,"Permuted LH labels"
"permuted",46,0.445313705064838,2.04852868402001,0.698412698412698,"Permuted LH labels"
"permuted",47,-0.499387512108426,2.66882085565789,0.30952380952381,"Permuted LH labels"
"permuted",48,-0.0159040608951728,2.19207952979387,0.5,"Permuted LH labels"
"permuted",49,-0.308538781366352,2.74076583734016,0.380952380952381,"Permuted LH labels"
"permuted",50,-0.391239898021251,2.8657352515501,0.341269841269841,"Permuted LH labels"
"permuted",51,-0.190848730742074,2.68756827825491,0.436507936507937,"Permuted LH labels"
"permuted",52,-0.0445313705064838,2.43264631563697,0.5,"Permuted LH labels"
"permuted",53,0.171763857667866,2.16957790769902,0.563492063492063,"Permuted LH labels"
"permuted",54,-0.340346903156698,2.65195419945675,0.365079365079365,"Permuted LH labels"
"permuted",55,0.244922537785661,2.23793720876424,0.603174603174603,"Permuted LH labels"
"permuted",56,0.0890627410129677,2.3934271420147,0.531746031746032,"Permuted LH labels"
"permuted",57,0.127232487161382,2.18630788193151,0.555555555555556,"Permuted LH labels"
"permuted",58,0.0954243653710368,2.43094319167267,0.53968253968254,"Permuted LH labels"
"permuted",59,-0.279911471755041,2.48511111507998,0.380952380952381,"Permuted LH labels"
"permuted",60,-0.368974212768009,2.88214000699888,0.365079365079365,"Permuted LH labels"
"permuted",61,-0.171763857667866,2.40646674495109,0.436507936507937,"Permuted LH labels"
"permuted",62,-0.582088628763324,3.21757862619458,0.26984126984127,"Permuted LH labels"
"permuted",63,0.108147614087175,2.35827753616676,0.563492063492063,"Permuted LH labels"
"permuted",64,-0.473941014676149,3.02707626013545,0.277777777777778,"Permuted LH labels"
"permuted",65,-0.260826598680834,2.68825883557589,0.388888888888889,"Permuted LH labels"
"permuted",66,-0.413505583274493,2.68052815019215,0.341269841269841,"Permuted LH labels"
"permuted",67,-0.108147614087175,2.54572393178762,0.444444444444444,"Permuted LH labels"
"permuted",68,-0.0890627410129677,2.43368965714788,0.476190476190476,"Permuted LH labels"
"permuted",69,-0.349889339693802,2.78546861329746,0.333333333333333,"Permuted LH labels"
"permuted",70,-0.194029542921108,2.73312752183661,0.420634920634921,"Permuted LH labels"
"permuted",71,-0.0731586801177949,2.52576765799529,0.46031746031746,"Permuted LH labels"
"permuted",72,-0.496206699929391,3.04194070257577,0.293650793650794,"Permuted LH labels"
"permuted",73,-0.750671674252156,3.39698158222028,0.166666666666667,"Permuted LH labels"
"permuted",74,-0.206752791637246,2.9968601179326,0.420634920634921,"Permuted LH labels"
"permuted",75,0.550280506972979,1.78376407555843,0.746031746031746,"Permuted LH labels"
"permuted",76,-0.267188223038903,2.55819544081509,0.380952380952381,"Permuted LH labels"
"permuted",77,-0.308538781366352,2.63764463664732,0.380952380952381,"Permuted LH labels"
"permuted",78,-0.114509238445244,2.44636460063593,0.444444444444444,"Permuted LH labels"
"permuted",79,-0.311719593545387,2.66952430332857,0.365079365079365,"Permuted LH labels"
"permuted",80,0.0318081217903456,2.41407488772543,0.5,"Permuted LH labels"
"permuted",81,-0.174944669846901,2.38486459218114,0.428571428571429,"Permuted LH labels"
"permuted",82,-0.143136548056555,2.58193734514481,0.444444444444444,"Permuted LH labels"
"permuted",83,-0.0540738070435875,2.19923136611315,0.468253968253968,"Permuted LH labels"
"permuted",84,0.130413299340417,2.06525806458606,0.547619047619048,"Permuted LH labels"
"permuted",85,0.0636162435806912,2.39901068043334,0.547619047619048,"Permuted LH labels"
"permuted",86,-0.0190848730742074,2.64589089256787,0.492063492063492,"Permuted LH labels"
"permuted",87,-0.10496680190814,2.65042895447403,0.46031746031746,"Permuted LH labels"
"permuted",88,-0.127232487161382,2.62564735287887,0.444444444444444,"Permuted LH labels"
"permuted",89,-0.00954243653710368,2.38786315148973,0.492063492063492,"Permuted LH labels"
"permuted",90,0.0890627410129677,2.49542581511445,0.531746031746032,"Permuted LH labels"
"permuted",91,-0.407143958916424,2.6873254216959,0.30952380952381,"Permuted LH labels"
"permuted",92,0.206752791637246,2.50818075647412,0.563492063492063,"Permuted LH labels"
"permuted",93,-0.0604354314016566,2.59029484591465,0.476190476190476,"Permuted LH labels"
"permuted",94,-0.101785989729106,2.53570580898612,0.468253968253968,"Permuted LH labels"
"permuted",95,-0.524834009540702,3.26739453399291,0.293650793650794,"Permuted LH labels"
"permuted",96,-0.32126203008249,3.10592048264198,0.373015873015873,"Permuted LH labels"
"permuted",97,0.0954243653710368,2.36794055319709,0.523809523809524,"Permuted LH labels"
"permuted",98,-0.0922435531920022,2.55946716902839,0.452380952380952,"Permuted LH labels"
"permuted",99,-0.0127232487161382,2.53210125947915,0.507936507936508,"Permuted LH labels"
"permuted",100,-0.572546192226221,2.91006248394459,0.285714285714286,"Permuted LH labels"
"permuted",101,-0.410324771095458,2.77302048365439,0.333333333333333,"Permuted LH labels"
"permuted",102,-0.340346903156698,2.51658789655229,0.349206349206349,"Permuted LH labels"
"permuted",103,0.21629522817435,2.1233191476616,0.603174603174603,"Permuted LH labels"
"permuted",104,-0.0413505583274493,2.65820315192488,0.5,"Permuted LH labels"
"permuted",105,0.130413299340417,2.33833593549249,0.555555555555556,"Permuted LH labels"
"permuted",106,0.314900405724421,2.19030986694057,0.626984126984127,"Permuted LH labels"
"permuted",107,0.0413505583274493,2.64596126588903,0.5,"Permuted LH labels"
"permuted",108,0.0381697461484147,2.60757084909272,0.523809523809524,"Permuted LH labels"
"permuted",109,-0.305357969187318,3.051047982575,0.380952380952381,"Permuted LH labels"
"permuted",110,-0.359431776230905,2.79078232472439,0.349206349206349,"Permuted LH labels"
"permuted",111,0,2.50005710180712,0.5,"Permuted LH labels"
"permuted",112,-0.283092283934076,2.77974711560594,0.373015873015873,"Permuted LH labels"
"permuted",113,0.0159040608951728,2.43794696308627,0.492063492063492,"Permuted LH labels"
"permuted",114,0.0445313705064838,2.53968999095279,0.53968253968254,"Permuted LH labels"
"permuted",115,0.0636162435806912,2.62079191423608,0.53968253968254,"Permuted LH labels"
"permuted",116,-0.50256832428746,2.70728898395402,0.301587301587302,"Permuted LH labels"
"permuted",117,0.270369035217938,2.38319932156319,0.611111111111111,"Permuted LH labels"
"permuted",118,-0.0222656852532419,2.83606416914478,0.468253968253968,"Permuted LH labels"
"permuted",119,0.159040608951728,2.13276364039064,0.571428571428571,"Permuted LH labels"
"permuted",120,0.0349889339693802,2.17330238124154,0.476190476190476,"Permuted LH labels"
"permuted",121,0.346708527514767,1.9948988140279,0.650793650793651,"Permuted LH labels"
"permuted",122,-0.0159040608951728,2.10120486099965,0.492063492063492,"Permuted LH labels"
"permuted",123,0.0254464974322765,2.62354144195685,0.507936507936508,"Permuted LH labels"
"permuted",124,-0.0127232487161382,2.33773507844996,0.5,"Permuted LH labels"
"permuted",125,0.267188223038903,2.04532896745062,0.611111111111111,"Permuted LH labels"
"permuted",126,0.270369035217938,2.21172721452796,0.611111111111111,"Permuted LH labels"
"permuted",127,-0.136774923698486,2.74351948093533,0.444444444444444,"Permuted LH labels"
"permuted",128,0.448494517243873,2.09155639797476,0.682539682539683,"Permuted LH labels"
"permuted",129,0.152678984593659,2.23688819658288,0.563492063492063,"Permuted LH labels"
"permuted",130,-0.0127232487161382,2.4118154386627,0.492063492063492,"Permuted LH labels"
"permuted",131,-0.229018476890488,2.33817031681068,0.420634920634921,"Permuted LH labels"
"permuted",132,-0.46757939031808,3.0108808101309,0.317460317460317,"Permuted LH labels"
"permuted",133,-0.295815532650214,2.51581289770464,0.380952380952381,"Permuted LH labels"
"permuted",134,0.248103349964696,2.11949209583412,0.595238095238095,"Permuted LH labels"
"permuted",135,0.143136548056555,2.23600975606187,0.571428571428571,"Permuted LH labels"
"permuted",136,0.203571979458212,2.21845327185429,0.571428571428571,"Permuted LH labels"
"permuted",137,-0.25128416214373,2.56565779754267,0.388888888888889,"Permuted LH labels"
"permuted",138,0.0127232487161382,2.43528035869608,0.5,"Permuted LH labels"
"permuted",139,-0.556642131331048,3.10330247976662,0.253968253968254,"Permuted LH labels"
"permuted",140,0.219476040353385,2.20651626149618,0.595238095238095,"Permuted LH labels"
"permuted",141,-0.130413299340417,2.62829040531738,0.444444444444444,"Permuted LH labels"
"permuted",142,-0.171763857667866,2.49057314117738,0.420634920634921,"Permuted LH labels"
"permuted",143,-0.305357969187318,2.54383260524138,0.373015873015873,"Permuted LH labels"
"permuted",144,-0.0890627410129677,2.59943268910043,0.46031746031746,"Permuted LH labels"
"permuted",145,-0.423048019811596,2.86701761396643,0.333333333333333,"Permuted LH labels"
"permuted",146,-0.0922435531920022,2.61714791445009,0.46031746031746,"Permuted LH labels"
"permuted",147,-0.0763394922968294,2.40096571585807,0.468253968253968,"Permuted LH labels"
"permuted",148,-0.264007410859868,2.6379467630604,0.388888888888889,"Permuted LH labels"
"permuted",149,-0.528014821719737,2.51622697645801,0.253968253968254,"Permuted LH labels"
"permuted",150,-0.378516649305113,2.70810954778753,0.341269841269841,"Permuted LH labels"
"permuted",151,-0.305357969187318,3.22786856614174,0.365079365079365,"Permuted LH labels"
"permuted",152,-0.298996344829249,2.73400572830755,0.380952380952381,"Permuted LH labels"
"permuted",153,-0.117690050624279,2.9598285850423,0.452380952380952,"Permuted LH labels"
"permuted",154,-0.372155024947044,2.68694133159322,0.341269841269841,"Permuted LH labels"
"permuted",155,0.174944669846901,2.24374514701323,0.579365079365079,"Permuted LH labels"
"permuted",156,-0.168583045488832,2.36427649581739,0.436507936507937,"Permuted LH labels"
"permuted",157,-0.445313705064838,2.7656660858826,0.293650793650794,"Permuted LH labels"
"permuted",158,0.349889339693802,2.14714326599374,0.666666666666667,"Permuted LH labels"
"permuted",159,-0.645704872344016,2.7465241545311,0.23015873015873,"Permuted LH labels"
"permuted",160,0.00954243653710368,2.62396972775324,0.515873015873016,"Permuted LH labels"
"permuted",161,-0.311719593545387,2.82436012760403,0.349206349206349,"Permuted LH labels"
"permuted",162,0.0381697461484147,2.35955848596838,0.5,"Permuted LH labels"
"permuted",163,0.171763857667866,2.40320422401417,0.579365079365079,"Permuted LH labels"
"permuted",164,-0.384878273663182,2.45560235636463,0.341269841269841,"Permuted LH labels"
"permuted",165,0.184487106384004,2.23038783755304,0.587301587301587,"Permuted LH labels"
"permuted",166,-0.254464974322765,2.69184027711931,0.404761904761905,"Permuted LH labels"
"permuted",167,-0.0159040608951728,2.28289551406435,0.476190476190476,"Permuted LH labels"
"permuted",168,0.0636162435806912,2.43953192587438,0.507936507936508,"Permuted LH labels"
"permuted",169,-0.270369035217938,2.59195666222553,0.396825396825397,"Permuted LH labels"
"permuted",170,0.330804466619594,1.9858632684005,0.634920634920635,"Permuted LH labels"
"permuted",171,-0.712501928103741,2.8461122512539,0.198412698412698,"Permuted LH labels"
"permuted",172,-0.0604354314016566,2.58575389990959,0.468253968253968,"Permuted LH labels"
"permuted",173,0.101785989729106,2.11960137910508,0.547619047619048,"Permuted LH labels"
"permuted",174,-0.0922435531920022,2.78595724556357,0.468253968253968,"Permuted LH labels"
"permuted",175,-0.264007410859868,2.41512772428324,0.388888888888889,"Permuted LH labels"
"permuted",176,0.159040608951728,2.48420886518338,0.563492063492063,"Permuted LH labels"
"permuted",177,-0.213114415995315,2.61557340519591,0.428571428571429,"Permuted LH labels"
"permuted",178,-0.400782334558354,3.03144543073752,0.333333333333333,"Permuted LH labels"
"permuted",179,0.270369035217938,2.23222378548594,0.595238095238095,"Permuted LH labels"
"permuted",180,0.248103349964696,2.00400815331784,0.603174603174603,"Permuted LH labels"
"permuted",181,0.0827011166548985,2.56868488551863,0.53968253968254,"Permuted LH labels"
"permuted",182,-0.203571979458212,2.42752885060955,0.404761904761905,"Permuted LH labels"
"permuted",183,-0.563003755689117,3.0094976566551,0.26984126984127,"Permuted LH labels"
"permuted",184,0.108147614087175,2.21446632453575,0.563492063492063,"Permuted LH labels"
"permuted",185,-0.0890627410129677,2.47455672120239,0.468253968253968,"Permuted LH labels"
"permuted",186,-0.314900405724421,2.72751957170092,0.365079365079365,"Permuted LH labels"
"permuted",187,-0.162221421130763,2.50967373716067,0.404761904761905,"Permuted LH labels"
"permuted",188,-0.0318081217903456,2.66492124144141,0.492063492063492,"Permuted LH labels"
"permuted",189,-0.318081217903456,2.40032401412124,0.373015873015873,"Permuted LH labels"
"permuted",190,-0.0986051775500713,2.68194289716442,0.476190476190476,"Permuted LH labels"
"permuted",191,-0.292634720471179,2.5055391021947,0.373015873015873,"Permuted LH labels"
"permuted",192,-0.403963146737389,2.6664056571386,0.333333333333333,"Permuted LH labels"
"permuted",193,-0.445313705064838,2.8201878571103,0.301587301587302,"Permuted LH labels"
"permuted",194,-0.372155024947044,2.66062836447055,0.341269841269841,"Permuted LH labels"
"permuted",195,-0.0922435531920022,2.54947973498259,0.46031746031746,"Permuted LH labels"
"permuted",196,0.257645786501799,2.07756522661961,0.595238095238095,"Permuted LH labels"
"permuted",197,-0.0858819288339331,2.78858750030252,0.452380952380952,"Permuted LH labels"
"permuted",198,0.235380101248557,2.15790532108671,0.595238095238095,"Permuted LH labels"
"permuted",199,-0.330804466619594,2.68219551765516,0.341269841269841,"Permuted LH labels"
"permuted",200,0.642524060164981,1.81833070691594,0.777777777777778,"Permuted LH labels"
"permuted",201,0.10496680190814,2.36506832026315,0.547619047619048,"Permuted LH labels"
"permuted",202,-0.11132842626621,2.58519801884653,0.452380952380952,"Permuted LH labels"
"permuted",203,-0.0445313705064838,2.75897024782868,0.492063492063492,"Permuted LH labels"
"permuted",204,0.10496680190814,2.15403185967904,0.555555555555556,"Permuted LH labels"
"permuted",205,-0.136774923698486,2.68646230527269,0.428571428571429,"Permuted LH labels"
"permuted",206,-0.149498172414624,2.48599833126702,0.428571428571429,"Permuted LH labels"
"permuted",207,-0.39760152237932,2.93282300629239,0.341269841269841,"Permuted LH labels"
"permuted",208,-0.174944669846901,2.53310442800139,0.420634920634921,"Permuted LH labels"
"permuted",209,-0.00636162435806912,2.16860966169545,0.5,"Permuted LH labels"
"permuted",210,-0.264007410859868,2.64877086364208,0.404761904761905,"Permuted LH labels"
"permuted",211,-0.480302639034218,2.85493345357872,0.26984126984127,"Permuted LH labels"
"permuted",212,-0.276730659576007,2.61339325941526,0.388888888888889,"Permuted LH labels"
"permuted",213,-0.264007410859868,2.78471107416727,0.380952380952381,"Permuted LH labels"
"permuted",214,0.194029542921108,2.25147072981143,0.587301587301587,"Permuted LH labels"
"permuted",215,-0.162221421130763,2.75645494951046,0.444444444444444,"Permuted LH labels"
"permuted",216,0.197210355100143,2.00539143700646,0.579365079365079,"Permuted LH labels"
"permuted",217,-0.569365380047186,3.10637276373314,0.261904761904762,"Permuted LH labels"
"permuted",218,-0.368974212768009,2.86773260352876,0.357142857142857,"Permuted LH labels"
"permuted",219,0.21629522817435,2.30934269966883,0.579365079365079,"Permuted LH labels"
"permuted",220,0.591631065300428,1.79788660787106,0.753968253968254,"Permuted LH labels"
"permuted",221,0.0604354314016566,2.38054581143908,0.515873015873016,"Permuted LH labels"
"permuted",222,0.505749136466495,1.82983990386947,0.706349206349206,"Permuted LH labels"
"permuted",223,-0.524834009540702,3.13160332146638,0.277777777777778,"Permuted LH labels"
"permuted",224,-0.388059085842216,2.88675067334347,0.325396825396825,"Permuted LH labels"
"permuted",225,-0.155859796772693,2.33834432386226,0.452380952380952,"Permuted LH labels"
"permuted",226,0.267188223038903,2.27764555133574,0.619047619047619,"Permuted LH labels"
"permuted",227,-0.235380101248557,2.29403868534826,0.412698412698413,"Permuted LH labels"
"permuted",228,-0.00636162435806912,2.50192302029427,0.492063492063492,"Permuted LH labels"
"permuted",229,-0.0763394922968294,2.61319301607994,0.468253968253968,"Permuted LH labels"
"permuted",230,0.289453908292145,2.27828812173623,0.626984126984127,"Permuted LH labels"
"permuted",231,-0.0445313705064838,2.26600700810604,0.5,"Permuted LH labels"
"permuted",232,-0.241741725606627,2.6068628004564,0.388888888888889,"Permuted LH labels"
"permuted",233,-0.159040608951728,2.59697415461376,0.452380952380952,"Permuted LH labels"
"permuted",234,-0.32762365444056,2.59176663594179,0.357142857142857,"Permuted LH labels"
"permuted",235,-0.14631736023559,2.54858978123996,0.444444444444444,"Permuted LH labels"
"permuted",236,-0.0604354314016566,2.39117829509741,0.468253968253968,"Permuted LH labels"
"permuted",237,-0.0827011166548985,2.47990042320653,0.468253968253968,"Permuted LH labels"
"permuted",238,-0.0477121826855184,2.51113495227822,0.484126984126984,"Permuted LH labels"
"permuted",239,-0.159040608951728,2.43570022073064,0.428571428571429,"Permuted LH labels"
"permuted",240,0.130413299340417,2.53594283407239,0.563492063492063,"Permuted LH labels"
"permuted",241,0.295815532650214,2.22685204891785,0.611111111111111,"Permuted LH labels"
"permuted",242,0.28627309611311,2.50561259617489,0.619047619047619,"Permuted LH labels"
"permuted",243,-0.00954243653710368,2.40938949285009,0.507936507936508,"Permuted LH labels"
"permuted",244,-0.152678984593659,2.5657127939461,0.444444444444444,"Permuted LH labels"
"permuted",245,0.244922537785661,2.49882813370945,0.603174603174603,"Permuted LH labels"
"permuted",246,-0.213114415995315,2.46332277494552,0.404761904761905,"Permuted LH labels"
"permuted",247,-0.0763394922968294,2.52756256296253,0.46031746031746,"Permuted LH labels"
"permuted",248,-0.108147614087175,2.46988585385388,0.444444444444444,"Permuted LH labels"
"permuted",249,-0.194029542921108,2.53694675378885,0.420634920634921,"Permuted LH labels"
"permuted",250,0.222656852532419,2.16547579851961,0.579365079365079,"Permuted LH labels"