"sample","celltype","receptivity_score","group","day","pred_day","timing_state"
"endometrium, RIF_1, rep1","Decidual_Stroma",-0.414589027565847,"RIF",NA,5.34936915162297,"Delayed"
"endometrium, RIF_6, rep6","Decidual_Stroma",-0.000182854334455085,"RIF",NA,6.8837769346324,"In-phase"
"endometrium, LH7_PGT_1, rep1","Decidual_Stroma",-0.271461463616693,"Fertile_LH7",7,5.87932276301412,"Delayed"
"endometrium, LH7_PGT_2, rep2","Decidual_Stroma",0.264716040686056,"Fertile_LH7",7,7.86460915308276,"In-phase"
"endometrium, RIF_7, rep7","Decidual_Stroma",-0.251895240971235,"RIF",NA,5.95176995673515,"Delayed"
"endometrium, RIF_2, rep2","Decidual_Stroma",-0.501109884349665,"RIF",NA,5.02901128869218,"Delayed"
"endometrium, LH7_1, rep1","Decidual_Stroma",-0.0459605050089031,"Fertile_LH7",7,6.71427756898579,"In-phase"
"endometrium, LH7_PGT_3, rep3","Decidual_Stroma",-0.121005338377716,"Fertile_LH7",7,6.43641159151287,"Delayed"
"endometrium, LH7_2, rep2","Decidual_Stroma",-0.225760532270976,"Fertile_LH7",7,6.04853806258566,"Delayed"
"endometrium, LH5_1, rep1","Decidual_Stroma",-0.487990179333619,"LH5",5,5.07758917866528,"Delayed"
"endometrium, LH5_2, rep2","Decidual_Stroma",-0.12400737127087,"LH5",5,6.42529606540913,"Delayed"
"endometrium, LH7_3, rep3","Decidual_Stroma",0.0872850915894546,"Fertile_LH7",7,7.20764155263015,"In-phase"
"endometrium, LH9_1, rep1","Decidual_Stroma",0.589460120726047,"LH9",9,9.0670281228923,"Advanced"
"endometrium, RIF_3, rep3","Decidual_Stroma",-0.201122519430008,"RIF",NA,6.13976440307736,"Delayed"
"endometrium, LH9_2, rep2","Decidual_Stroma",0.50607191831643,"LH9",9,8.7582694338246,"Advanced"
"endometrium, LH5_3, rep3","Decidual_Stroma",-0.742083187937141,"LH5",5,4.13676755197627,"Delayed"
"endometrium, LH9_3, rep3","Decidual_Stroma",0.241223938226708,"LH9",9,7.77762573637398,"In-phase"
"endometrium, LH11_1, rep1","Decidual_Stroma",1.53619544391069,"LH11",11,12.5724731239091,"Advanced"
"endometrium, LH3_1, rep1","Decidual_Stroma",-0.660782991469914,"LH3",3,4.43779505175208,"Delayed"
"endometrium, LH3_2, rep2","Decidual_Stroma",-1.02359965845045,"LH3",3,3.09440599632501,"Delayed"
"endometrium, LH3_3, rep3","Decidual_Stroma",-0.745153818591801,"LH3",3,4.12539803125094,"Delayed"
"endometrium, LH11_2, rep2","Decidual_Stroma",0.947528847680873,"LH11",11,10.3928371406672,"Advanced"
"endometrium, RIF_4, rep4","Decidual_Stroma",0.013983754865199,"RIF",NA,6.93623116147295,"In-phase"
"endometrium, LH11_3, rep3","Decidual_Stroma",0.83703461744869,"LH11",11,9.98371387514279,"Advanced"
"endometrium, RIF_5, rep5","Decidual_Stroma",0.0692562001489088,"RIF",NA,7.14088658339383,"In-phase"
"endometrium, RIF_8, rep8","Decidual_Stroma",0.287221844455432,"RIF",NA,7.94794063484457,"In-phase"
"endometrium, RIF_9, rep9","Decidual_Stroma",0.104706178754326,"RIF",NA,7.272146025442,"In-phase"
"endometrium, RIF_10, rep10","Decidual_Stroma",0.33202057617048,"RIF",NA,8.1138153902241,"In-phase"
"endometrium, RIF_1, rep1","Endothelial",-0.579761545696927,"RIF",NA,3.91675569333048,"Delayed"
"endometrium, RIF_6, rep6","Endothelial",-0.0790419570874036,"RIF",NA,6.54184711861021,"In-phase"
"endometrium, LH7_PGT_1, rep1","Endothelial",-0.307788088033996,"Fertile_LH7",7,5.34261401374743,"Delayed"
"endometrium, LH7_PGT_2, rep2","Endothelial",0.0385276879880362,"Fertile_LH7",7,7.15822217998493,"In-phase"
"endometrium, RIF_7, rep7","Endothelial",0.225572679478915,"RIF",NA,8.13883131626367,"In-phase"
"endometrium, RIF_2, rep2","Endothelial",-0.209682194784434,"RIF",NA,5.85694767473721,"Delayed"
"endometrium, LH7_1, rep1","Endothelial",0.0535738420404966,"Fertile_LH7",7,7.23710371544919,"In-phase"
"endometrium, LH7_PGT_3, rep3","Endothelial",0.0871338962393123,"Fertile_LH7",7,7.41304692301149,"In-phase"
"endometrium, LH7_2, rep2","Endothelial",-0.0975941186508245,"Fertile_LH7",7,6.4445848557621,"Delayed"
"endometrium, LH5_1, rep1","Endothelial",-0.325086574637892,"LH5",5,5.25192431458805,"Delayed"
"endometrium, LH5_2, rep2","Endothelial",-0.346379897999633,"LH5",5,5.14029113337411,"Delayed"
"endometrium, LH7_3, rep3","Endothelial",0.0920121090867587,"Fertile_LH7",7,7.43862162591473,"In-phase"
"endometrium, LH9_1, rep1","Endothelial",0.195615910390255,"LH9",9,7.98177882730052,"In-phase"
"endometrium, RIF_3, rep3","Endothelial",0.0710338725076891,"RIF",NA,7.3286403305671,"In-phase"
"endometrium, LH9_2, rep2","Endothelial",0.0365328180616145,"LH9",9,7.14776379957098,"In-phase"
"endometrium, LH5_3, rep3","Endothelial",-0.0662452758022882,"LH5",5,6.60893548319143,"In-phase"
"endometrium, LH9_3, rep3","Endothelial",0.152623854646331,"LH9",9,7.75638705223152,"In-phase"
"endometrium, LH11_1, rep1","Endothelial",1.19687936369558,"LH11",11,13.2310404210336,"Advanced"
"endometrium, LH3_1, rep1","Endothelial",-0.652335263835573,"LH3",3,3.53627797781814,"Delayed"
"endometrium, LH3_2, rep2","Endothelial",-0.076949250008397,"LH3",3,6.5528184237752,"In-phase"
"endometrium, LH3_3, rep3","Endothelial",-0.579968805065078,"LH3",3,3.91566910753971,"Delayed"
"endometrium, LH11_2, rep2","Endothelial",0.460294877240462,"LH11",11,9.36939477470099,"Advanced"
"endometrium, RIF_4, rep4","Endothelial",0.110468840082332,"RIF",NA,7.53538358086385,"In-phase"
"endometrium, LH11_3, rep3","Endothelial",0.289413453856026,"LH11",11,8.47352537100587,"In-phase"
"endometrium, RIF_5, rep5","Endothelial",0.050414117493774,"RIF",NA,7.22053842421127,"In-phase"
"endometrium, RIF_8, rep8","Endothelial",0.197485868317588,"RIF",NA,7.99158233935066,"In-phase"
"endometrium, RIF_9, rep9","Endothelial",-0.154590616271355,"RIF",NA,6.14577286482297,"Delayed"
"endometrium, RIF_10, rep10","Endothelial",0.21784039674863,"RIF",NA,8.09829375880665,"In-phase"
"endometrium, RIF_1, rep1","Glandular_Epi",-0.720158161162211,"RIF",NA,4.99347019245016,"Delayed"
"endometrium, RIF_6, rep6","Glandular_Epi",0.240210228573985,"RIF",NA,7.91050628988148,"In-phase"
"endometrium, LH7_PGT_1, rep1","Glandular_Epi",-0.109253714717531,"Fertile_LH7",7,6.84903972327358,"In-phase"
"endometrium, LH7_PGT_2, rep2","Glandular_Epi",-0.220442924293136,"Fertile_LH7",7,6.51131209558064,"In-phase"
"endometrium, RIF_7, rep7","Glandular_Epi",0.507643480119313,"RIF",NA,8.72281171012282,"Advanced"
"endometrium, RIF_2, rep2","Glandular_Epi",-0.593854020066201,"RIF",NA,5.37710812011386,"Delayed"
"endometrium, LH7_1, rep1","Glandular_Epi",0.276391325103016,"Fertile_LH7",7,8.02040324791112,"In-phase"
"endometrium, LH7_PGT_3, rep3","Glandular_Epi",-0.252765099363245,"Fertile_LH7",7,6.41313627843103,"Delayed"
"endometrium, LH7_2, rep2","Glandular_Epi",-0.856056582274901,"Fertile_LH7",7,4.5806904672881,"Delayed"
"endometrium, LH5_1, rep1","Glandular_Epi",-1.00130277710413,"LH5",5,4.13951768623917,"Delayed"
"endometrium, LH5_2, rep2","Glandular_Epi",-0.707645571067956,"LH5",5,5.03147610493894,"Delayed"
"endometrium, LH7_3, rep3","Glandular_Epi",-0.350279702094495,"Fertile_LH7",7,6.11694408881526,"Delayed"
"endometrium, LH9_1, rep1","Glandular_Epi",0.419756544827592,"LH9",9,8.45586272942075,"In-phase"
"endometrium, RIF_3, rep3","Glandular_Epi",0.125480427508676,"RIF",NA,7.56202442111595,"In-phase"
"endometrium, LH9_2, rep2","Glandular_Epi",0.781277569817227,"LH9",9,9.55395164107768,"Advanced"
"endometrium, LH5_3, rep3","Glandular_Epi",-0.695200443200822,"LH5",5,5.06927710673529,"Delayed"
"endometrium, LH9_3, rep3","Glandular_Epi",0.398280442330805,"LH9",9,8.39063092162201,"In-phase"
"endometrium, LH11_1, rep1","Glandular_Epi",1.60891356784249,"LH11",11,12.0678245544047,"Advanced"
"endometrium, LH3_1, rep1","Glandular_Epi",-0.669202630500329,"LH3",3,5.14824321902313,"Delayed"
"endometrium, LH3_2, rep2","Glandular_Epi",-0.228588554698903,"LH3",3,6.486570446247,"Delayed"
"endometrium, LH3_3, rep3","Glandular_Epi",-1.08247071712013,"LH3",3,3.89297707379163,"Delayed"
"endometrium, LH11_2, rep2","Glandular_Epi",0.801020616125073,"LH11",11,9.61391944027718,"Advanced"
"endometrium, RIF_4, rep4","Glandular_Epi",0.516814002261953,"RIF",NA,8.750666379652,"Advanced"
"endometrium, LH11_3, rep3","Glandular_Epi",0.815606622221587,"LH11",11,9.65822317492277,"Advanced"
"endometrium, RIF_5, rep5","Glandular_Epi",-0.0713838481436552,"RIF",NA,6.96406617456197,"In-phase"
"endometrium, RIF_8, rep8","Glandular_Epi",0.617205631480425,"RIF",NA,9.05559728891554,"Advanced"
"endometrium, RIF_9, rep9","Glandular_Epi",0.134048988262566,"RIF",NA,7.5880506848802,"In-phase"
"endometrium, RIF_10, rep10","Glandular_Epi",0.315955299332938,"RIF",NA,8.14057540499163,"In-phase"
"endometrium, RIF_1, rep1","Luminal_Epi",-0.275610906001065,"RIF",NA,6.31252144345015,"Delayed"
"endometrium, RIF_6, rep6","Luminal_Epi",-0.158904138085458,"RIF",NA,6.60647909880289,"In-phase"
"endometrium, LH7_PGT_1, rep1","Luminal_Epi",-0.00401692722305863,"Fertile_LH7",7,6.99660455735523,"In-phase"
"endometrium, LH7_PGT_2, rep2","Luminal_Epi",0.314897392257016,"Fertile_LH7",7,7.79987678643941,"In-phase"
"endometrium, RIF_7, rep7","Luminal_Epi",-0.152788424099363,"RIF",NA,6.62188318355538,"In-phase"
"endometrium, RIF_2, rep2","Luminal_Epi",-0.416610348177616,"RIF",NA,5.9573760978243,"Delayed"
"endometrium, LH7_1, rep1","Luminal_Epi",0.290200104315739,"Fertile_LH7",7,7.73766996684829,"In-phase"
"endometrium, LH7_PGT_3, rep3","Luminal_Epi",-0.202336510547231,"Fertile_LH7",7,6.49708288636985,"Delayed"
"endometrium, LH7_2, rep2","Luminal_Epi",0.0235930109169423,"Fertile_LH7",7,7.06614767661921,"In-phase"
"endometrium, LH5_1, rep1","Luminal_Epi",-0.690685892914081,"LH5",5,5.26704248685053,"Delayed"
"endometrium, LH5_2, rep2","Luminal_Epi",-0.680902419386113,"LH5",5,5.2916848190036,"Delayed"
"endometrium, LH7_3, rep3","Luminal_Epi",0.344776749572322,"Fertile_LH7",7,7.87513605354726,"In-phase"
"endometrium, LH9_1, rep1","Luminal_Epi",0.339591563273085,"LH9",9,7.86207575520883,"In-phase"
"endometrium, RIF_3, rep3","Luminal_Epi",0.0746043128823758,"RIF",NA,7.19463347902866,"In-phase"
"endometrium, LH9_2, rep2","Luminal_Epi",-0.0359650403450249,"LH9",9,6.91613456753366,"In-phase"
"endometrium, LH5_3, rep3","Luminal_Epi",-0.88132618550183,"LH5",5,4.78686319283238,"Delayed"
"endometrium, LH9_3, rep3","Luminal_Epi",0.320014834736197,"LH9",9,7.81276645358939,"In-phase"
"endometrium, LH11_1, rep1","Luminal_Epi",2.54192397727414,"LH11",11,13.4092473913495,"Advanced"
"endometrium, LH3_1, rep1","Luminal_Epi",-0.765932698920602,"LH3",3,5.0775129928759,"Delayed"
"endometrium, LH3_2, rep2","Luminal_Epi",-0.685138737843067,"LH3",3,5.28101450173601,"Delayed"
"endometrium, LH3_3, rep3","Luminal_Epi",-0.693901104601712,"LH3",3,5.2589441039886,"Delayed"
"endometrium, LH11_2, rep2","Luminal_Epi",0.099704789834612,"LH11",11,7.2578558395215,"In-phase"
"endometrium, RIF_4, rep4","Luminal_Epi",0.1151544583386,"RIF",NA,7.2967700208541,"In-phase"
"endometrium, LH11_3, rep3","Luminal_Epi",0.317463398126445,"LH11",11,7.80633996833083,"In-phase"
"endometrium, RIF_5, rep5","Luminal_Epi",0.158307613006731,"RIF",NA,7.40546294752731,"In-phase"
"endometrium, RIF_8, rep8","Luminal_Epi",0.260268820099275,"RIF",NA,7.66227990775308,"In-phase"
"endometrium, RIF_9, rep9","Luminal_Epi",0.179878002363301,"RIF",NA,7.45979382476391,"In-phase"
"endometrium, RIF_10, rep10","Luminal_Epi",0.263740306649446,"RIF",NA,7.67102378837887,"In-phase"
"endometrium, RIF_1, rep1","Lymphoid",-0.642770543203581,"RIF",NA,4.93489087975132,"Delayed"
"endometrium, RIF_6, rep6","Lymphoid",0.244636801684065,"RIF",NA,7.9977351202758,"In-phase"
"endometrium, LH7_PGT_1, rep1","Lymphoid",0.221066022807961,"Fertile_LH7",7,7.91638169815093,"In-phase"
"endometrium, LH7_PGT_2, rep2","Lymphoid",-0.073986410568458,"Fertile_LH7",7,6.89802225879548,"In-phase"
"endometrium, RIF_7, rep7","Lymphoid",-0.103733429666292,"RIF",NA,6.79535183732392,"In-phase"
"endometrium, RIF_2, rep2","Lymphoid",-0.204407788084066,"RIF",NA,6.44787907791441,"Delayed"
"endometrium, LH7_1, rep1","Lymphoid",0.54226770724923,"Fertile_LH7",7,9.02499403374329,"Advanced"
"endometrium, LH7_PGT_3, rep3","Lymphoid",0.0416859006079609,"Fertile_LH7",7,7.29725973875989,"In-phase"
"endometrium, LH7_2, rep2","Lymphoid",-0.0643782418426422,"Fertile_LH7",7,6.93118439613115,"In-phase"
"endometrium, LH5_1, rep1","Lymphoid",-0.547383076767786,"LH5",5,5.26411618296096,"Delayed"
"endometrium, LH5_2, rep2","Lymphoid",-0.58625085991339,"LH5",5,5.12996587821614,"Delayed"
"endometrium, LH7_3, rep3","Lymphoid",-0.097566056395407,"Fertile_LH7",7,6.81663823281154,"In-phase"
"endometrium, LH9_1, rep1","Lymphoid",0.472672849160476,"LH9",9,8.78479069139407,"Advanced"
"endometrium, RIF_3, rep3","Lymphoid",-0.222610272835948,"RIF",NA,6.38505406761139,"Delayed"
"endometrium, LH9_2, rep2","Lymphoid",0.729690511732048,"LH9",9,9.67187492847582,"Advanced"
"endometrium, LH5_3, rep3","Lymphoid",-1.20427351930029,"LH5",5,2.99689006616452,"Delayed"
"endometrium, LH9_3, rep3","Lymphoid",0.305288544788225,"LH9",9,8.20707172664327,"In-phase"
"endometrium, LH11_1, rep1","Lymphoid",0.685228060130406,"LH11",11,9.5184148916706,"Advanced"
"endometrium, LH3_1, rep1","Lymphoid",-1.17322240728684,"LH3",3,3.10406150230394,"Delayed"
"endometrium, LH3_2, rep2","Lymphoid",-0.685832563873703,"LH3",3,4.78626436369344,"Delayed"
"endometrium, LH3_3, rep3","Lymphoid",-1.18873210321317,"LH3",3,3.0505305245473,"Delayed"
"endometrium, LH11_2, rep2","Lymphoid",0.862572493587849,"LH11",11,10.1305107681961,"Advanced"
"endometrium, RIF_4, rep4","Lymphoid",-0.0572321235279536,"RIF",NA,6.95584888358254,"In-phase"
"endometrium, LH11_3, rep3","Lymphoid",0.961231639454673,"LH11",11,10.4710281173415,"Advanced"
"endometrium, RIF_5, rep5","Lymphoid",0.260805563710228,"RIF",NA,8.05354083332691,"In-phase"
"endometrium, RIF_8, rep8","Lymphoid",0.688420748765209,"RIF",NA,9.52943430463041,"Advanced"
"endometrium, RIF_9, rep9","Lymphoid",0.255545209120131,"RIF",NA,8.03538496967284,"In-phase"
"endometrium, RIF_10, rep10","Lymphoid",0.581267343681074,"RIF",NA,9.15959942383384,"Advanced"
"endometrium, RIF_1, rep1","Myeloid",-0.537879010646854,"RIF",NA,4.4896001880742,"Delayed"
"endometrium, RIF_6, rep6","Myeloid",-0.376873244956803,"RIF",NA,5.24242160722403,"Delayed"
"endometrium, LH7_PGT_1, rep1","Myeloid",-0.081158052814075,"Fertile_LH7",7,6.62510954798768,"In-phase"
"endometrium, LH7_PGT_2, rep2","Myeloid",0.274822244284395,"Fertile_LH7",7,8.28958157048002,"In-phase"
"endometrium, RIF_7, rep7","Myeloid",-0.0893984746534282,"RIF",NA,6.58657946158421,"In-phase"
"endometrium, RIF_2, rep2","Myeloid",-0.536105887611857,"RIF",NA,4.49789085390106,"Delayed"
"endometrium, LH7_1, rep1","Myeloid",-0.0170024786917118,"Fertile_LH7",7,6.92508445975666,"In-phase"
"endometrium, LH7_PGT_3, rep3","Myeloid",-0.0426115564714425,"Fertile_LH7",7,6.80534301947576,"In-phase"
"endometrium, LH7_2, rep2","Myeloid",-0.140691297350926,"Fertile_LH7",7,6.34674745674988,"Delayed"
"endometrium, LH5_1, rep1","Myeloid",-0.481804684468408,"LH5",5,4.75178926950619,"Delayed"
"endometrium, LH5_2, rep2","Myeloid",-0.364376774455392,"LH5",5,5.30085187906501,"Delayed"
"endometrium, LH7_3, rep3","Myeloid",0.153735431434957,"Fertile_LH7",7,7.72341087529432,"In-phase"
"endometrium, LH9_1, rep1","Myeloid",0.134999486123774,"LH9",9,7.63580642909435,"In-phase"
"endometrium, RIF_3, rep3","Myeloid",0.187541492903401,"RIF",NA,7.8814792963938,"In-phase"
"endometrium, LH9_2, rep2","Myeloid",0.443422106538667,"LH9",9,9.07791102580567,"Advanced"
"endometrium, LH5_3, rep3","Myeloid",-0.340562789847884,"LH5",5,5.41219992682592,"Delayed"
"endometrium, LH9_3, rep3","Myeloid",0.209884903501423,"LH9",9,7.98595131951024,"In-phase"
"endometrium, LH11_1, rep1","Myeloid",1.03104191287923,"LH11",11,11.8254696280327,"Advanced"
"endometrium, LH3_1, rep1","Myeloid",-0.591337529815725,"LH3",3,4.23964194531268,"Delayed"
"endometrium, LH3_2, rep2","Myeloid",-0.899253963943415,"LH3",3,2.79990414507882,"Delayed"
"endometrium, LH3_3, rep3","Myeloid",-0.844063154038763,"LH3",3,3.05796213237124,"Delayed"
"endometrium, LH11_2, rep2","Myeloid",0.936463708144326,"LH11",11,11.3832463448849,"Advanced"
"endometrium, RIF_4, rep4","Myeloid",0.074546043701256,"RIF",NA,7.35314172996411,"In-phase"
"endometrium, LH11_3, rep3","Myeloid",0.600846960316546,"LH11",11,9.81398902476792,"Advanced"
"endometrium, RIF_5, rep5","Myeloid",-0.261060239160672,"RIF",NA,5.78393334132734,"Delayed"
"endometrium, RIF_8, rep8","Myeloid",0.45763120865755,"RIF",NA,9.1443491212126,"Advanced"
"endometrium, RIF_9, rep9","Myeloid",0.396075505765398,"RIF",NA,8.8565305365214,"Advanced"
"endometrium, RIF_10, rep10","Myeloid",0.703168134676438,"RIF",NA,10.2924164361128,"Advanced"
"endometrium, RIF_1, rep1","Stroma",0.169898626267192,"RIF",NA,7.80583263068612,"In-phase"
"endometrium, RIF_6, rep6","Stroma",-0.0257538761962278,"RIF",NA,6.89537554120908,"In-phase"
"endometrium, LH7_PGT_1, rep1","Stroma",-0.0257295645207496,"Fertile_LH7",7,6.89548867412084,"In-phase"
"endometrium, LH7_PGT_2, rep2","Stroma",0.418147377007039,"Fertile_LH7",7,8.96104318112194,"Advanced"
"endometrium, RIF_7, rep7","Stroma",-0.124872938009281,"RIF",NA,6.43413098060409,"Delayed"
"endometrium, RIF_2, rep2","Stroma",-0.126988591285205,"RIF",NA,6.42428591601412,"Delayed"
"endometrium, LH7_1, rep1","Stroma",0.188796728323904,"Fertile_LH7",7,7.89377380587457,"In-phase"
"endometrium, LH7_PGT_3, rep3","Stroma",-0.103369408458526,"Fertile_LH7",7,6.5341963550908,"In-phase"
"endometrium, LH7_2, rep2","Stroma",-0.125796360607711,"Fertile_LH7",7,6.42983388937991,"Delayed"
"endometrium, LH5_1, rep1","Stroma",-0.380678949394676,"LH5",5,5.24375317472745,"Delayed"
"endometrium, LH5_2, rep2","Stroma",-0.308474987460677,"LH5",5,5.57974994555041,"Delayed"
"endometrium, LH7_3, rep3","Stroma",0.0739685786743716,"Fertile_LH7",7,7.35942795492133,"In-phase"
"endometrium, LH9_1, rep1","Stroma",0.0943017041400849,"LH9",9,7.45404692477042,"In-phase"
"endometrium, RIF_3, rep3","Stroma",-0.0451150005431581,"RIF",NA,6.80527971979118,"In-phase"
"endometrium, LH9_2, rep2","Stroma",0.0628227758685415,"LH9",9,7.30756163553,"In-phase"
"endometrium, LH5_3, rep3","Stroma",-0.538276909702939,"LH5",5,4.5103805960833,"Delayed"
"endometrium, LH9_3, rep3","Stroma",0.146239633782514,"LH9",9,7.69573693977317,"In-phase"
"endometrium, LH11_1, rep1","Stroma",1.25601846170648,"LH11",11,12.8600256092923,"Advanced"
"endometrium, LH3_1, rep1","Stroma",-0.278646189607784,"LH3",3,5.7185564526679,"Delayed"
"endometrium, LH3_2, rep2","Stroma",-0.311972811838987,"LH3",3,5.56347303131277,"Delayed"
"endometrium, LH3_3, rep3","Stroma",-0.412455295506312,"LH3",3,5.09588386955245,"Delayed"
"endometrium, LH11_2, rep2","Stroma",0.17335039649239,"LH11",11,7.82189523470707,"In-phase"
"endometrium, RIF_4, rep4","Stroma",0.219058342249853,"RIF",NA,8.03459439641646,"In-phase"
"endometrium, LH11_3, rep3","Stroma",0.0128836054089395,"LH11",11,7.07517272552335,"In-phase"
"endometrium, RIF_5, rep5","Stroma",-0.0334239195287457,"RIF",NA,6.85968345835421,"In-phase"
"endometrium, RIF_8, rep8","Stroma",-0.0128021279375075,"RIF",NA,6.95564571856333,"In-phase"
"endometrium, RIF_9, rep9","Stroma",-0.0986454667482726,"RIF",NA,6.55617893219165,"In-phase"
"endometrium, RIF_10, rep10","Stroma",0.137516167425444,"RIF",NA,7.65514281657204,"In-phase"